ID,Category,Subcategory,Difficulty,Mode,OrderIndex,ConceptTitle,Content,KeyPoints
1,Legal Liability,BAC and Liability,Medium,Standard,1,BAC and Liability,BAC evidence taken after an incident can be used to retroactively estimate the guest's level of intoxication at the time they were served providing evidence in liability cases.,BAC evidence taken after an incident can be used to retroactively estimate the guest's level of intoxication at the time they were served providing evidence in liability cases
2,Legal Liability,Best Practices,Medium,Standard,2,Best Practices,The combination of consistent responsible service documented training programs and thorough incident records represents the strongest multi-layered protection against liability claims.,The combination of consistent responsible service documented training programs and thorough incident records represents the strongest multi-layered protection against liability claims
3,Legal Liability,Criminal Liability,Medium,Standard,3,Criminal Liability,Most states hold servers criminally liable for serving alcohol to a minor serving a guest who is or appears intoxicated and possessing selling or allowing the sale of drugs on the premises.,Most states hold servers criminally liable for serving alcohol to a minor serving a guest who is or appears intoxicated and possessing selling or allowing the sale of drugs on the premises
4,Legal Liability,Documentation,Medium,Standard,4,Documentation,An incident report documents significant events such as refusals altercations or emergencies. These records are critical evidence of responsible service practices in legal proceedings.,An incident report documents significant events such as refusals altercations or emergencies|These records are critical evidence of responsible service practices in legal proceedings
5,Legal Liability,Dram Shop Law,Medium,Standard,5,Dram Shop Law,Dram shop laws hold alcohol-serving establishments liable for injuries or damages caused by intoxicated guests they served. This liability can extend to third parties harmed by the guest.,Dram shop laws allow injured third parties to sue both the intoxicated person and the establishment that served them. This is why responsible service is so critical.|Dram shop laws exist to create accountability in the alcohol service industry and protect the public from the dangers of over-service.|Caps in dram shop law refer to statutory limits on financial damages awarded to injured third parties in lawsuits against alcohol-serving establishments. These caps vary by state.
6,Legal Liability,Dram Shop Scenarios,Medium,Standard,6,Dram Shop Scenarios,Liability arises when you serve a visibly intoxicated person who then causes harm. Serving someone who later becomes intoxicated elsewhere generally does not create liability.,Liability arises when you serve a visibly intoxicated person who then causes harm|Serving someone who later becomes intoxicated elsewhere generally does not create liability
7,Legal Liability,Employee Actions,Medium,Standard,7,Employee Actions,Establishments are generally liable for the actions of their employees even if those actions violate internal policy. The policy provides some defense but does not eliminate liability.,Establishments are generally liable for the actions of their employees even if those actions violate internal policy|The policy provides some defense but does not eliminate liability
8,Legal Liability,Fake ID Defense,Medium,Standard,8,Fake ID Defense,While a convincing fake ID may mitigate liability in some states it does not provide complete protection in all jurisdictions. Consistent ID checking practices are the best defense.,While a convincing fake ID may mitigate liability in some states it does not provide complete protection in all jurisdictions|Consistent ID checking practices are the best defense
9,Legal Liability,Incident Documentation,Medium,Standard,9,Incident Documentation,Thorough prompt documentation of incidents is critical. Detailed records created close in time to the event are far more credible than recollections made later.,Thorough prompt documentation of incidents is critical|Detailed records created close in time to the event are far more credible than recollections made later
10,Legal Liability,Legal Definitions,Medium,Standard,10,Legal Definitions,Visible intoxication is a legal standard based on observable signs. Courts will assess whether a reasonable server would have recognized the signs of intoxication based on the guest's behavior.,Visible intoxication is a legal standard based on observable signs|Courts will assess whether a reasonable server would have recognized the signs of intoxication based on the guest's behavior
11,Legal Liability,Legal Standards,Medium,Standard,11,Legal Standards,Courts apply the reasonable server standard — would a reasonable trained server have recognized that this guest was visibly intoxicated. This is why training and consistent monitoring are critical.,Courts apply the reasonable server standard — would a reasonable trained server have recognized that this guest was visibly intoxicated|This is why training and consistent monitoring are critical
12,Legal Liability,Liability Defense,Medium,Standard,12,Liability Defense,Reasonable care — including consistent ID checking monitoring and documentation — provides a defense against liability claims. Establishments are generally not liable when they exercised proper care.,Reasonable care — including consistent ID checking monitoring and documentation — provides a defense against liability claims|Establishments are generally not liable when they exercised proper care
13,Legal Liability,Liability Factors,Medium,Standard,13,Liability Factors,Continuing to serve a guest who has shown clear signs of intoxication is direct evidence of negligent service and significantly increases liability exposure.,Continuing to serve a guest who has shown clear signs of intoxication is direct evidence of negligent service and significantly increases liability exposure
14,Legal Liability,Liability Protection,Medium,Standard,14,Liability Protection,Documented training programs consistent service standards and incident logs demonstrate a culture of responsible service which is critical in legal proceedings.,Consistent responsible service practices including monitoring guests slowing service and documenting refusals provide the strongest legal protection.|Documentation of responsible service — including notes on the guest's condition refusals and actions taken — is the strongest defense in a dram shop lawsuit.
15,Legal Liability,Liability Scenarios,Medium,Standard,15,Liability Scenarios,Some states extend dram shop liability to self-inflicted injuries. The circumstances of service and the guest's visible intoxication at the time of service are key factors.,Some states extend dram shop liability to self-inflicted injuries|The circumstances of service and the guest's visible intoxication at the time of service are key factors
16,Legal Liability,Liability Scope,Medium,Standard,16,Liability Scope,Liability generally requires visible intoxication or excessive service. If the guest showed no signs of impairment and was not over-served the establishment's liability is significantly reduced.,Liability generally requires visible intoxication or excessive service|If the guest showed no signs of impairment and was not over-served the establishment's liability is significantly reduced
17,Legal Liability,Minor Service,Medium,Standard,17,Minor Service,Serving alcohol to a minor can result in criminal charges substantial fines and revocation of the establishment's liquor license. The fake ID defense provides limited protection.,Serving alcohol to a minor can result in criminal charges substantial fines and revocation of the establishment's liquor license|The fake ID defense provides limited protection
18,Legal Liability,Minor Service Defense,Medium,Standard,18,Minor Service Defense,The fake ID defense varies by state. Some states provide protection if the ID appeared genuine and was checked carefully. Others impose strict liability. Knowing your state law is essential.,The fake ID defense varies by state|Some states provide protection if the ID appeared genuine and was checked carefully|Others impose strict liability|Knowing your state law is essential
19,Legal Liability,Negligent Service,Medium,Standard,19,Negligent Service,Continuing to serve a visibly intoxicated guest is the definition of negligent alcohol service and is the basis of most dram shop liability claims.,Continuing to serve a visibly intoxicated guest is the definition of negligent alcohol service and is the basis of most dram shop liability claims
20,Legal Liability,Regulatory Bodies,Medium,Standard,20,Regulatory Bodies,Liquor authorities enforce alcohol laws issue and revoke licenses conduct inspections and take disciplinary actions including fines suspensions and license revocations.,Liquor authorities enforce alcohol laws issue and revoke licenses conduct inspections and take disciplinary actions including fines suspensions and license revocations
21,Legal Liability,Server Liability,Medium,Standard,21,Server Liability,Many states allow personal liability claims against individual servers who knowingly over-serve guests. This is why responsible service training is essential for all alcohol service staff.,Many states allow personal liability claims against individual servers who knowingly over-serve guests|This is why responsible service training is essential for all alcohol service staff
22,Legal Liability,Social Host Liability,Medium,Standard,22,Social Host Liability,Social host liability laws hold private individuals responsible for injuries caused by guests they served alcohol to. This applies to house parties and private events not just commercial establishments.,Social host liability laws hold private individuals responsible for injuries caused by guests they served alcohol to|This applies to house parties and private events not just commercial establishments
23,Legal Liability,Special Circumstances,Medium,Standard,23,Special Circumstances,There is no federal law prohibiting alcohol service to pregnant women. Establishments may have their own policies. Servers should use professional judgment and follow house policy.,There is no federal law prohibiting alcohol service to pregnant women|Establishments may have their own policies|Servers should use professional judgment and follow house policy
24,Legal Liability,State Laws,Medium,Standard,24,State Laws,Dram shop laws vary significantly between states including differences in liability limits defenses available and whether servers can be personally liable.,Dram shop laws vary significantly between states including differences in liability limits defenses available and whether servers can be personally liable
25,Legal Liability,Third Party Claims,Medium,Standard,25,Third Party Claims,Dram shop laws allow third parties — people not at the establishment but harmed by an intoxicated guest — to sue both the guest and the establishment that served them.,Dram shop laws allow third parties — people not at the establishment but harmed by an intoxicated guest — to sue both the guest and the establishment that served them
26,Legal Liability,Types of Liability,Medium,Standard,26,Types of Liability,Criminal liability can result in fines and imprisonment. Civil liability results in financial damages paid to injured parties. Both can arise from negligent alcohol service.,Criminal liability can result in fines and imprisonment|Civil liability results in financial damages paid to injured parties|Both can arise from negligent alcohol service
27,Legal Liability,Written Policies,Medium,Standard,27,Written Policies,Written policies demonstrate a systematic commitment to responsible service. They provide clear guidance to staff and serve as evidence of responsible practices in legal proceedings.,Written policies demonstrate a systematic commitment to responsible service|They provide clear guidance to staff and serve as evidence of responsible practices in legal proceedings
28,BAC & Physiology,Absorption,Medium,Standard,1,Absorption,Carbonation speeds the absorption of alcohol by increasing the rate at which alcohol passes from the stomach into the small intestine.,Food in the stomach slows the absorption of alcohol into the bloodstream by diluting it and slowing gastric emptying.|Without food to slow absorption alcohol passes quickly into the bloodstream resulting in a faster rise in BAC.
29,BAC & Physiology,Absorption Factors,Medium,Standard,2,Absorption Factors,Carbonated beverages speed alcohol absorption by increasing gastric pressure and accelerating passage of alcohol into the small intestine where most absorption occurs.,Carbonated beverages speed alcohol absorption by increasing gastric pressure and accelerating passage of alcohol into the small intestine where most absorption occurs
30,BAC & Physiology,Alcohol Content,Medium,Standard,3,Alcohol Content,Higher proof spirits contain more alcohol per volume. Consuming the same volume of a high-proof spirit versus a low-proof beer will result in a significantly higher BAC.,Higher proof spirits contain more alcohol per volume|Consuming the same volume of a high-proof spirit versus a low-proof beer will result in a significantly higher BAC
31,BAC & Physiology,BAC Basics,Medium,Standard,4,BAC Basics,BAC stands for Blood Alcohol Concentration. It measures the amount of alcohol in a person's bloodstream expressed as a percentage.,BAC stands for Blood Alcohol Concentration|It measures the amount of alcohol in a person's bloodstream expressed as a percentage
32,BAC & Physiology,BAC Calculation,Medium,Standard,5,BAC Calculation,A 160-pound man who drinks five standard drinks in one hour will have an approximate BAC of 0.10% — well above the legal driving limit of 0.08%.,A 160-pound man who drinks five standard drinks in one hour will have an approximate BAC of 0|10% — well above the legal driving limit of 0
33,BAC & Physiology,BAC Curve,Medium,Standard,6,BAC Curve,BAC continues to rise after the last drink until all alcohol has been absorbed typically 30 to 90 minutes. Then it declines at approximately one standard drink per hour.,BAC continues to rise after the last drink until all alcohol has been absorbed typically 30 to 90 minutes|Then it declines at approximately one standard drink per hour
34,BAC & Physiology,BAC Estimation,Medium,Standard,7,BAC Estimation,Servers can estimate BAC using body weight number of drinks type of drinks time elapsed and gender. This mental math helps inform service decisions even without testing equipment.,Servers can estimate BAC using body weight number of drinks type of drinks time elapsed and gender|This mental math helps inform service decisions even without testing equipment
35,BAC & Physiology,BAC Factors,Medium,Standard,8,BAC Factors,True. Body fat does not absorb alcohol. A lean person has more muscle mass which contains more water helping distribute alcohol. A person with more body fat has less body water making alcohol more concentrated and raising BAC.,Body weight is a primary factor in alcohol metabolism. A lighter person will reach a higher BAC more quickly than a heavier person consuming the same amount.|Women typically have less body water and lower levels of the enzyme that breaks down alcohol resulting in higher BAC than men of the same weight consuming the same amount.|As people age their body water decreases and liver function slows resulting in higher BAC from the same amount of alcohol compared to younger adults.|Body weight significantly affects BAC. A lighter person will have less body water to dilute the alcohol resulting in a higher BAC from the same amount consumed.|Unlike muscle body fat does not absorb alcohol. A person with higher body fat will have a higher BAC than a lean person of the same weight drinking the same amount.
36,BAC & Physiology,BAC Peak,Medium,Standard,9,BAC Peak,BAC typically peaks 30 to 90 minutes after the last drink depending on food intake and other factors. This means a guest may continue to become more impaired after stopping drinking.,BAC typically peaks 30 to 90 minutes after the last drink depending on food intake and other factors|This means a guest may continue to become more impaired after stopping drinking
37,BAC & Physiology,Drinking Rate,Medium,Standard,10,Drinking Rate,When alcohol is consumed faster than the liver can process it BAC rises more quickly. The liver's processing rate is fixed at approximately one standard drink per hour.,When alcohol is consumed faster than the liver can process it BAC rises more quickly|The liver's processing rate is fixed at approximately one standard drink per hour
38,BAC & Physiology,Elimination Rate,Medium,Standard,11,Elimination Rate,The liver processes approximately one standard drink per hour. This rate cannot be accelerated by coffee water or food.,The liver processes approximately one standard drink per hour|This rate cannot be accelerated by coffee water or food
39,BAC & Physiology,Food and Alcohol,Medium,Standard,12,Food and Alcohol,Contrary to common belief carbohydrates are not the best food for slowing alcohol absorption. High-protein and high-fat foods are more effective at slowing gastric emptying.,Contrary to common belief carbohydrates are not the best food for slowing alcohol absorption|High-protein and high-fat foods are more effective at slowing gastric emptying
40,BAC & Physiology,Impairment Levels,Medium,Standard,13,Impairment Levels,At 0.08% most people experience significant impairment of judgment reaction time and coordination. This is why 0.08% is the legal driving limit in most U.S. states.,08% most people experience significant impairment of judgment reaction time and coordination|This is why 0|08% is the legal driving limit in most U
41,BAC & Physiology,Legal Limit,Medium,Standard,14,Legal Limit,The legal BAC limit for driving in most U.S. states is 0.08%. At this level a driver is considered legally impaired.,The legal BAC limit for driving in most U|states is 0|At this level a driver is considered legally impaired
42,BAC & Physiology,Medication Interactions,Medium,Standard,15,Medication Interactions,Many medications interact dangerously with alcohol amplifying intoxication or causing adverse reactions. Servers should be aware that medication use can accelerate visible intoxication.,Many medications interact dangerously with alcohol amplifying intoxication or causing adverse reactions|Servers should be aware that medication use can accelerate visible intoxication
43,BAC & Physiology,Metabolism,Medium,Standard,16,Metabolism,The liver is the primary organ responsible for metabolizing alcohol. It processes approximately one standard drink per hour.,The liver is the primary organ responsible for metabolizing alcohol|It processes approximately one standard drink per hour
44,BAC & Physiology,Myths,Medium,Standard,17,Myths,Exercise does not accelerate alcohol metabolism. The liver processes alcohol at approximately one standard drink per hour regardless of physical activity.,Coffee and energy drinks do not reduce BAC. They can mask drowsiness but the person remains impaired. Only time reduces BAC.|Water does not lower BAC. It can help with hydration and may slow consumption but it does not speed up the elimination of alcohol from the bloodstream.
45,BAC & Physiology,Standard Drink,Medium,Standard,18,Standard Drink,A standard drink contains 0.6 ounces of pure alcohol. This equals 12 oz of regular beer 5 oz of wine or 1.5 oz of distilled spirits.,A standard drink contains 0|6 ounces of pure alcohol|This equals 12 oz of regular beer 5 oz of wine or 1|5 oz of distilled spirits
46,BAC & Physiology,Tolerance,Medium,Standard,19,Tolerance,A person with high tolerance may not show visible signs of intoxication but their BAC can still be at dangerous levels. Tolerance does not mean safety.,A person with high tolerance may not show visible signs of intoxication but their BAC can still be at dangerous levels|Tolerance does not mean safety
47,Intervention & Refusal,Communicating Refusal,Medium,Standard,1,Communicating Refusal,A calm professional statement focuses on what you can do and avoids accusatory language. I cannot serve you more alcohol tonight is direct without being confrontational.,A calm professional statement focuses on what you can do and avoids accusatory language|I cannot serve you more alcohol tonight is direct without being confrontational
48,Intervention & Refusal,Communication,Medium,Standard,2,Communication,Accusatory language embarrasses the guest invites argument and escalates the situation. Professional refusal focuses on what the server can do not on judging the guest.,Accusatory language embarrasses the guest invites argument and escalates the situation|Professional refusal focuses on what the server can do not on judging the guest
49,Intervention & Refusal,Communication Skills,Medium,Standard,3,Communication Skills,Calm professional communication reduces the chance of confrontation and keeps the interaction focused on safety rather than conflict.,Calm professional communication reduces the chance of confrontation and keeps the interaction focused on safety rather than conflict
50,Intervention & Refusal,De-escalation,Medium,Standard,4,De-escalation,Offering water food or pacing language is a non-confrontational way to slow consumption. It addresses the guest's needs without focusing on their intoxication.,Offering water food or pacing language is a non-confrontational way to slow consumption|It addresses the guest's needs without focusing on their intoxication
51,Intervention & Refusal,Documentation,Medium,Standard,5,Documentation,Documentation of service refusals creates a record that demonstrates responsible service practices. This can be critical in defending against dram shop liability claims.,Documentation of service refusals creates a record that demonstrates responsible service practices|This can be critical in defending against dram shop liability claims
52,Intervention & Refusal,Drunk Driving Prevention,Medium,Standard,6,Drunk Driving Prevention,Your duty of care may extend beyond the door. Notifying a manager and potentially law enforcement is the responsible action when you believe a guest will drive impaired.,Your duty of care may extend beyond the door|Notifying a manager and potentially law enforcement is the responsible action when you believe a guest will drive impaired
53,Intervention & Refusal,Early Intervention,Medium,Standard,7,Early Intervention,Early intervention through slowing service and closer monitoring is the most effective approach. Immediate cutoff can create unnecessary confrontation.,Early intervention through slowing service and closer monitoring is the most effective approach|Immediate cutoff can create unnecessary confrontation
54,Intervention & Refusal,Emergency Response,Medium,Standard,8,Emergency Response,A guest who loses consciousness or becomes severely ill requires immediate emergency medical assistance. Call 911 without delay.,A guest who loses consciousness or becomes severely ill requires immediate emergency medical assistance|Call 911 without delay
55,Intervention & Refusal,Handling Pushback,Medium,Standard,9,Handling Pushback,Your responsibility is to the guest's safety and your legal obligations. Involve a manager but do not reverse a refusal under pressure.,Your responsibility is to the guest's safety and your legal obligations|Involve a manager but do not reverse a refusal under pressure
56,Intervention & Refusal,Intervention Goals,Medium,Standard,10,Intervention Goals,The goal of intervention is to prevent harm. This includes preventing the guest from driving impaired causing a disturbance or injuring themselves or others.,The goal of intervention is to prevent harm|This includes preventing the guest from driving impaired causing a disturbance or injuring themselves or others
57,Intervention & Refusal,Manager Conflicts,Medium,Standard,11,Manager Conflicts,You are personally responsible for your service decisions. Express your professional concern clearly and ask the manager to personally evaluate the guest before proceeding.,You are personally responsible for your service decisions|Express your professional concern clearly and ask the manager to personally evaluate the guest before proceeding
58,Intervention & Refusal,Ongoing Assessment,Medium,Standard,12,Ongoing Assessment,A guest who is pacing themselves and showing no signs of intoxication should be served normally. Responsible service does not mean refusing all service only refusing when signs warrant it.,A guest who is pacing themselves and showing no signs of intoxication should be served normally|Responsible service does not mean refusing all service only refusing when signs warrant it
59,Intervention & Refusal,Post-Refusal,Medium,Standard,13,Post-Refusal,Refusing service does not end your responsibility. You must ensure the guest does not drive and gets home safely. Offer to call a cab or rideshare.,Refusing service does not end your responsibility|You must ensure the guest does not drive and gets home safely|Offer to call a cab or rideshare
60,Intervention & Refusal,Post-Refusal Care,Medium,Standard,14,Post-Refusal Care,Continued hospitality after a refusal keeps the guest comfortable reduces confrontation and allows you to monitor their recovery before they leave.,Continued hospitality after a refusal keeps the guest comfortable reduces confrontation and allows you to monitor their recovery before they leave
61,Intervention & Refusal,Pre-Intoxicated Guests,Medium,Standard,15,Pre-Intoxicated Guests,A guest who was refused service elsewhere is already intoxicated. Serving them continues the intoxication and creates liability for your establishment.,A guest who was refused service elsewhere is already intoxicated|Serving them continues the intoxication and creates liability for your establishment
62,Intervention & Refusal,Preventing Drunk Driving,Medium,Standard,16,Preventing Drunk Driving,Offering to arrange alternative transportation is the most practical and professional approach. Involving management ensures backup support.,Offering to arrange alternative transportation is the most practical and professional approach|Involving management ensures backup support
63,Intervention & Refusal,Proactive Communication,Medium,Standard,17,Proactive Communication,Communicating responsible service standards early in the interaction sets clear expectations and reduces conflict when intervention becomes necessary.,Communicating responsible service standards early in the interaction sets clear expectations and reduces conflict when intervention becomes necessary
64,Intervention & Refusal,Refusal,Medium,Standard,18,Refusal,Walking does not eliminate the risks of intoxication. A guest who is visibly intoxicated should not be served more alcohol regardless of their transportation plans.,Walking does not eliminate the risks of intoxication|A guest who is visibly intoxicated should not be served more alcohol regardless of their transportation plans
65,Intervention & Refusal,Refusal Techniques,Medium,Standard,19,Refusal Techniques,R.E.F.U.S.E. is a structured approach to refusing service: Remain calm Express concern Find alternatives Use supportive language Stay firm End the conversation professionally.,is a structured approach to refusing service: Remain calm Express concern Find alternatives Use supportive language Stay firm End the conversation professionally
66,Intervention & Refusal,Safe Departure,Medium,Standard,20,Safe Departure,Your duty of care includes ensuring the guest has safe transportation. Allowing an intoxicated guest to drive after refusing service does not fulfill your responsible service obligations.,Your duty of care includes ensuring the guest has safe transportation|Allowing an intoxicated guest to drive after refusing service does not fulfill your responsible service obligations
67,Intervention & Refusal,Slowing Service,Medium,Standard,21,Slowing Service,Intervention should begin as early as possible. Slowing service when early signs appear is far more effective than waiting until the guest is visibly intoxicated.,Intervention should begin as early as possible|Slowing service when early signs appear is far more effective than waiting until the guest is visibly intoxicated
68,Intervention & Refusal,Team Intervention,Medium,Standard,22,Team Intervention,In a team intervention the primary server delivers the refusal professionally. The backup is present for support and safety but should not crowd the guest or take over the conversation.,In a team intervention the primary server delivers the refusal professionally|The backup is present for support and safety but should not crowd the guest or take over the conversation
69,Intervention & Refusal,Third Party Ordering,Medium,Standard,23,Third Party Ordering,Allowing friends to order alcohol for an intoxicated guest circumvents your refusal. You must refuse alcohol service to the intoxicated person regardless of who orders it.,Allowing friends to order alcohol for an intoxicated guest circumvents your refusal|You must refuse alcohol service to the intoxicated person regardless of who orders it
70,Signs of Intoxication,Assessment,Medium,Standard,1,Assessment,Professional claims do not affect your service decision. Your assessment must be based on observable signs of intoxication not on the guest's stated tolerance or profession.,Individual tolerance weight and metabolism mean alcohol affects people differently. Some people can appear sober while legally intoxicated.|Behavioral observation including coordination speech clarity and demeanor is the most reliable and professionally appropriate method of assessing intoxication.
71,Signs of Intoxication,Assessment Challenges,Medium,Standard,2,Assessment Challenges,Strong emotions can mask signs of intoxication or cause behaviors that resemble intoxication. Combined assessment of physical and behavioral signs is most reliable.,Strong emotions can mask signs of intoxication or cause behaviors that resemble intoxication|Combined assessment of physical and behavioral signs is most reliable
72,Signs of Intoxication,Behavioral Indicators,Medium,Standard,3,Behavioral Indicators,Ordering larger or stronger drinks signals that the guest may be chasing intoxication. This warrants closer monitoring and proactive intervention.,Ordering larger or stronger drinks signals that the guest may be chasing intoxication|This warrants closer monitoring and proactive intervention
73,Signs of Intoxication,Behavioral Patterns,Medium,Standard,4,Behavioral Patterns,Switching to stronger drinks or ordering doubles mid-evening is a behavioral indicator of intentional intoxication. This warrants closer monitoring and possible intervention.,Switching to stronger drinks or ordering doubles mid-evening is a behavioral indicator of intentional intoxication|This warrants closer monitoring and possible intervention
74,Signs of Intoxication,Behavioral Signs,Medium,Standard,5,Behavioral Signs,Aggression and argumentative behavior are signs of intoxication. Alcohol lowers inhibitions and impairs judgment often leading to confrontational behavior.,Increased talkativeness loud behavior and loss of inhibitions are early behavioral signs of alcohol intoxication.|A shift from energetic to drowsy and quiet can indicate a high level of intoxication as the central nervous system becomes more depressed.|Inappropriate or excessive behavior is a behavioral sign of intoxication. Alcohol impairs social judgment and self-regulation.|Loss of inhibitions including inappropriate flirtatious behavior is a sign that alcohol is affecting the guest's judgment and self-regulation.|Repetitive speech and behavior are behavioral signs of intoxication reflecting alcohol's effect on short-term memory and cognitive function.
75,Signs of Intoxication,Conflicting Information,Medium,Standard,6,Conflicting Information,Observable signs take priority over a guest's claims about how much they have consumed. Slurred speech is a sign of impairment regardless of what the guest reports.,Observable signs take priority over a guest's claims about how much they have consumed|Slurred speech is a sign of impairment regardless of what the guest reports
76,Signs of Intoxication,Documentation,Medium,Standard,7,Documentation,Knowing when signs first appeared helps assess the trajectory of intoxication and can be important documentation if an incident occurs.,Knowing when signs first appeared helps assess the trajectory of intoxication and can be important documentation if an incident occurs
77,Signs of Intoxication,Effects of Alcohol,Medium,Standard,8,Effects of Alcohol,Alcohol lowers inhibitions by depressing the prefrontal cortex which controls judgment and social behavior. This often results in bold or reckless actions.,Alcohol lowers inhibitions by depressing the prefrontal cortex which controls judgment and social behavior|This often results in bold or reckless actions
78,Signs of Intoxication,Monitoring,Medium,Standard,9,Monitoring,Responsible service requires monitoring from the first drink. Catching early signs allows you to slow service before the guest becomes visibly intoxicated.,Responsible service requires monitoring from the first drink|Catching early signs allows you to slow service before the guest becomes visibly intoxicated
79,Signs of Intoxication,Ongoing Monitoring,Medium,Standard,10,Ongoing Monitoring,Intoxication develops over time. A guest who was sober earlier may now be impaired. Ongoing monitoring allows you to catch these changes and respond appropriately.,Intoxication develops over time|A guest who was sober earlier may now be impaired|Ongoing monitoring allows you to catch these changes and respond appropriately
80,Signs of Intoxication,Physical Signs,Medium,Standard,11,Physical Signs,Bloodshot or glassy eyes can indicate intoxication though they may also result from other causes. Combined with other signs they are a reliable indicator.,Slurred speech is a classic physical sign of intoxication caused by alcohol's effect on the motor control areas of the brain.|Difficulty walking or loss of coordination is a primary sign of intoxication. Alcohol impairs motor function and balance.|Clothing and appearance have no bearing on intoxication levels. Physical and behavioral cues are the reliable indicators.|Loss of fine motor control such as difficulty holding a glass is a sign of alcohol impairment.
81,Signs of Intoxication,Special Circumstances,Medium,Standard,12,Special Circumstances,Emotional distress combined with alcohol can escalate quickly. A guest who is both upset and intoxicated warrants closer monitoring and potentially slowed service.,Emotional distress combined with alcohol can escalate quickly|A guest who is both upset and intoxicated warrants closer monitoring and potentially slowed service
82,Signs of Intoxication,Tolerance,Medium,Standard,13,Tolerance,High tolerance allows some people to appear sober at BAC levels that would visibly impair others. This makes them just as dangerous — especially behind the wheel.,High tolerance allows some people to appear sober at BAC levels that would visibly impair others|This makes them just as dangerous — especially behind the wheel
83,Signs of Intoxication,Visible Intoxication,Medium,Standard,14,Visible Intoxication,Visible intoxication means observable signs of impairment. You do not need a guest to admit intoxication or for them to fall down before acting.,Visible intoxication means observable signs of impairment|You do not need a guest to admit intoxication or for them to fall down before acting
84,Responsible Service,Certification Levels,Medium,Standard,1,Certification Levels,The Advanced certification demonstrates mastery of responsible service at a management level including advanced intervention documentation and legal knowledge beyond the Primary exam.,The Advanced certification demonstrates mastery of responsible service at a management level including advanced intervention documentation and legal knowledge beyond the Primary exam
85,Responsible Service,Consistency,Medium,Standard,2,Consistency,Inconsistent service practices create both fairness issues and legal vulnerabilities. Consistent application of responsible service standards protects guests and the establishment.,Inconsistent service practices create both fairness issues and legal vulnerabilities|Consistent application of responsible service standards protects guests and the establishment
86,Responsible Service,Core Principles,Medium,Standard,3,Core Principles,Responsible alcohol service aims to provide a safe enjoyable environment while preventing harm. It balances hospitality with duty of care.,Responsible alcohol service aims to provide a safe enjoyable environment while preventing harm|It balances hospitality with duty of care
87,Responsible Service,Decision Making,Medium,Standard,4,Decision Making,When in doubt err on the side of caution. Consulting a manager is always appropriate. The cost of over-caution is far lower than the cost of over-service.,When in doubt err on the side of caution|Consulting a manager is always appropriate|The cost of over-caution is far lower than the cost of over-service
88,Responsible Service,Establishment Design,Medium,Standard,5,Establishment Design,An establishment designed so that servers have clear sightlines to all guests makes it much easier to monitor consumption and identify guests who may need intervention.,An establishment designed so that servers have clear sightlines to all guests makes it much easier to monitor consumption and identify guests who may need intervention
89,Responsible Service,Food Service,Medium,Standard,6,Food Service,Food particularly high-protein and high-fat foods slows the absorption of alcohol into the bloodstream helping to moderate the rise in BAC.,Food particularly high-protein and high-fat foods slows the absorption of alcohol into the bloodstream helping to moderate the rise in BAC
90,Responsible Service,Group Management,Medium,Standard,7,Group Management,Groups can collectively encourage higher consumption. When a group is becoming intoxicated alert management and consider service strategies for the group as a whole.,Groups can collectively encourage higher consumption|When a group is becoming intoxicated alert management and consider service strategies for the group as a whole
91,Responsible Service,Guest Communication,Medium,Standard,8,Guest Communication,Visible communication of responsible service policies through signage menus and server language sets expectations and demonstrates the establishment's commitment to safety.,Visible communication of responsible service policies through signage menus and server language sets expectations and demonstrates the establishment's commitment to safety
92,Responsible Service,House Policy,Medium,Standard,9,House Policy,A comprehensive house policy includes responsible service standards refusal procedures emergency protocols and staff training requirements.,A comprehensive house policy includes responsible service standards refusal procedures emergency protocols and staff training requirements
93,Responsible Service,Inclusive Service,Medium,Standard,10,Inclusive Service,Non-alcoholic cocktails allow guests to participate in the social experience without consuming alcohol. They are a valuable tool in supporting guests who want to moderate their intake.,Non-alcoholic cocktails allow guests to participate in the social experience without consuming alcohol|They are a valuable tool in supporting guests who want to moderate their intake
94,Responsible Service,Last Call,Medium,Standard,11,Last Call,A responsible last call procedure gives guests reasonable notice while allowing staff to monitor the final round of service and arrange safe transportation if needed.,A responsible last call procedure gives guests reasonable notice while allowing staff to monitor the final round of service and arrange safe transportation if needed
95,Responsible Service,Management Role,Medium,Standard,12,Management Role,Management is responsible for training staff establishing and enforcing responsible service policies and supporting servers when difficult decisions must be made.,Management is responsible for training staff establishing and enforcing responsible service policies and supporting servers when difficult decisions must be made
96,Responsible Service,Non-Alcoholic Options,Medium,Standard,13,Non-Alcoholic Options,Visible non-alcoholic options make it easier for guests to switch without feeling singled out and support a responsible service environment.,Visible non-alcoholic options make it easier for guests to switch without feeling singled out and support a responsible service environment
97,Responsible Service,Post-Refusal Care,Medium,Standard,14,Post-Refusal Care,After refusing service continuing to provide hospitality through non-alcoholic beverages and conversation keeps the guest comfortable and reduces the risk of confrontation.,After refusing service continuing to provide hospitality through non-alcoholic beverages and conversation keeps the guest comfortable and reduces the risk of confrontation
98,Responsible Service,Pre-Intoxicated Guests,Medium,Standard,15,Pre-Intoxicated Guests,A guest who arrives already intoxicated should not be served alcohol. Serving them would constitute service to a visibly intoxicated person creating legal liability.,A guest who arrives already intoxicated should not be served alcohol|Serving them would constitute service to a visibly intoxicated person creating legal liability
99,Responsible Service,Responsible Promotions,Medium,Standard,16,Responsible Promotions,Responsible promotions avoid incentivizing rapid consumption. Clear pricing visible non-alcoholic alternatives and attentive service support a responsible service environment.,Responsible promotions avoid incentivizing rapid consumption|Clear pricing visible non-alcoholic alternatives and attentive service support a responsible service environment
100,Responsible Service,Server Conduct,Medium,Standard,17,Server Conduct,A server who has consumed alcohol cannot reliably assess a guest's intoxication level and may make poor service decisions. Most establishments prohibit staff from drinking on duty.,A server who has consumed alcohol cannot reliably assess a guest's intoxication level and may make poor service decisions|Most establishments prohibit staff from drinking on duty
101,Responsible Service,Server Responsibility,Medium,Standard,18,Server Responsibility,Consistent application of responsible service standards on every shift is the most effective protection for both the server personally and the establishment legally.,Consistent application of responsible service standards on every shift is the most effective protection for both the server personally and the establishment legally
102,Responsible Service,Service Policies,Medium,Standard,19,Service Policies,Limiting orders to two drinks per round slows consumption rates giving the server more opportunity to monitor the guest's condition between rounds.,Limiting orders to two drinks per round slows consumption rates giving the server more opportunity to monitor the guest's condition between rounds
103,Responsible Service,Service Practices,Medium,Standard,20,Service Practices,Offering water between drinks slows consumption and helps maintain hydration. It is a non-confrontational way to pace a guest's drinking.,Offering water between drinks slows consumption and helps maintain hydration|It is a non-confrontational way to pace a guest's drinking
104,Responsible Service,Staff Training,Medium,Standard,21,Staff Training,Comprehensive responsible service training covers legal requirements recognizing intoxication intervention techniques refusal procedures and establishment-specific policies.,Comprehensive responsible service training covers legal requirements recognizing intoxication intervention techniques refusal procedures and establishment-specific policies
105,Responsible Service,Team Responsibility,Medium,Standard,22,Team Responsibility,Responsible service is a team effort. If you see a coworker over-serving a guest notify a manager. The establishment's liability and the guest's safety are everyone's concern.,Responsible service is a team effort|If you see a coworker over-serving a guest notify a manager|The establishment's liability and the guest's safety are everyone's concern
106,Responsible Service,Third Party Orders,Medium,Standard,23,Third Party Orders,Your responsibility is to the intoxicated guest's safety not to the convenience of their table. Refusing alcohol to an intoxicated person applies regardless of who places the order.,Your responsibility is to the intoxicated guest's safety not to the convenience of their table|Refusing alcohol to an intoxicated person applies regardless of who places the order
107,Responsible Service,Training Benefits,Medium,Standard,24,Training Benefits,Regular training ensures all staff apply the same standards reduces legal exposure improves the guest experience and creates a culture of responsibility.,Regular training ensures all staff apply the same standards reduces legal exposure improves the guest experience and creates a culture of responsibility
108,Responsible Service,Training Value,Medium,Standard,25,Training Value,Comprehensive training develops judgment and confidence not just compliance. Servers who understand why responsible service matters are more effective at applying it consistently.,Comprehensive training develops judgment and confidence not just compliance|Servers who understand why responsible service matters are more effective at applying it consistently
109,ID Verification,Acceptable ID,Medium,Standard,1,Acceptable ID,Government-issued photo IDs such as a driver's license or passport are the most reliable because they are difficult to forge and contain verifiable information.,Government-issued photo IDs such as a driver's license or passport are the most reliable because they are difficult to forge and contain verifiable information
110,ID Verification,Altered ID,Medium,Standard,2,Altered ID,If an ID appears altered or tampered with you should involve a manager. Accepting a questionable ID could expose you and your establishment to legal liability.,If an ID appears altered or tampered with you should involve a manager|Accepting a questionable ID could expose you and your establishment to legal liability
111,ID Verification,Carding Policy,Medium,Standard,3,Carding Policy,Carding everyone regardless of apparent age is your best policy. It removes subjectivity protects you legally and ensures consistent application of the law.,Carding everyone regardless of apparent age is your best policy|It removes subjectivity protects you legally and ensures consistent application of the law
112,ID Verification,Exact Birthday,Medium,Standard,4,Exact Birthday,A guest who is exactly 21 years old today is of legal drinking age and may be served. The law is effective on the 21st birthday.,A guest who is exactly 21 years old today is of legal drinking age and may be served|The law is effective on the 21st birthday
113,ID Verification,Expiration Date,Medium,Standard,5,Expiration Date,An expired ID is no longer a valid government document and cannot be used for age verification. Checking the expiration date is a standard step in ID verification.,An expired ID is no longer a valid government document and cannot be used for age verification|Checking the expiration date is a standard step in ID verification
114,ID Verification,Expired ID,Medium,Standard,6,Expired ID,An expired ID is not valid for alcohol service. Expiration indicates the document is no longer current and cannot be legally relied upon.,An expired ID is not valid for alcohol service|Expiration indicates the document is no longer current and cannot be legally relied upon
115,ID Verification,Fake ID,Medium,Standard,7,Fake ID,Using another person's ID to obtain alcohol is identity fraud and can result in criminal charges for the guest and liability for the server.,Using another person's ID to obtain alcohol is identity fraud and can result in criminal charges for the guest and liability for the server
116,ID Verification,Foreign ID,Medium,Standard,8,Foreign ID,Foreign passports are government-issued documents and are acceptable for age verification. You should check the birthdate carefully.,Foreign passports are government-issued documents and are acceptable for age verification|You should check the birthdate carefully
117,ID Verification,ID Checking,Medium,Standard,9,ID Checking,The photo should be checked first to confirm the person presenting the ID matches the person on the document.,The photo should be checked first to confirm the person presenting the ID matches the person on the document
118,ID Verification,ID Checking Process,Medium,Standard,10,ID Checking Process,A thorough ID check includes verifying the photo birthdate expiration date and at least one security feature. This typically takes 10 to 20 seconds but should not be rushed.,A thorough ID check includes verifying the photo birthdate expiration date and at least one security feature|This typically takes 10 to 20 seconds but should not be rushed
119,ID Verification,ID Comparison,Medium,Standard,11,ID Comparison,If there is a significant discrepancy between the guest's appearance and the photo ask for additional ID. A valid ID with a suspicious photo match warrants extra verification.,If there is a significant discrepancy between the guest's appearance and the photo ask for additional ID|A valid ID with a suspicious photo match warrants extra verification
120,ID Verification,ID Reading,Medium,Standard,12,ID Reading,The date of birth is used to calculate the guest's current age and confirm they meet the minimum legal drinking age.,The date of birth is used to calculate the guest's current age and confirm they meet the minimum legal drinking age
121,ID Verification,ID Security Features,Medium,Standard,13,ID Security Features,Most modern driver's licenses include holograms ultraviolet features and microprinting that are difficult to replicate and help verify authenticity.,Most modern driver's licenses include holograms ultraviolet features and microprinting that are difficult to replicate and help verify authenticity
122,ID Verification,Invalid ID Forms,Medium,Standard,14,Invalid ID Forms,Photocopies of IDs are not acceptable. They cannot be verified as authentic and are easily manipulated. Only original government-issued documents should be accepted.,Photocopies of IDs are not acceptable|They cannot be verified as authentic and are easily manipulated|Only original government-issued documents should be accepted
123,ID Verification,Legal Age,Medium,Standard,15,Legal Age,The legal drinking age in the United States is 21 under the National Minimum Drinking Age Act of 1984.,The legal drinking age in the United States is 21 under the National Minimum Drinking Age Act of 1984
124,ID Verification,No ID,Medium,Standard,16,No ID,If a guest does not have ID you must refuse service. No exceptions. Estimating age is not a reliable or legal method of verification.,If a guest does not have ID you must refuse service|No exceptions|Estimating age is not a reliable or legal method of verification
125,ID Verification,Out of State ID,Medium,Standard,17,Out of State ID,All state driver's licenses are valid government-issued identification. An out-of-state ID should be accepted as long as it appears genuine and is not expired.,All state driver's licenses are valid government-issued identification|An out-of-state ID should be accepted as long as it appears genuine and is not expired
126,ID Verification,Secondary ID,Medium,Standard,18,Secondary ID,A secondary ID can help confirm that the person presenting the ID is the legitimate owner. It adds a layer of verification.,A secondary ID can help confirm that the person presenting the ID is the legitimate owner|It adds a layer of verification
127,ID Verification,Server Age Requirements,Medium,Standard,19,Server Age Requirements,Most states require alcohol servers to be at least 18 years old. Some require 21. Always check your state's specific requirements.,Most states require alcohol servers to be at least 18 years old|Some require 21|Always check your state's specific requirements
128,ID Verification,Technology Limits,Medium,Standard,20,Technology Limits,ID scanners verify that an ID is technically valid but cannot confirm that the person using it is the ID's legitimate owner. Visual verification of the photo is always required.,ID scanners verify that an ID is technically valid but cannot confirm that the person using it is the ID's legitimate owner|Visual verification of the photo is always required
129,ID Verification,Temporary ID,Medium,Standard,21,Temporary ID,Temporary paper licenses are issued by the DMV and are valid government documents. They should include necessary information to verify age.,Temporary paper licenses are issued by the DMV and are valid government documents|They should include necessary information to verify age
130,ID Verification,Uncertain ID,Medium,Standard,22,Uncertain ID,When in doubt always involve a manager or supervisor. The responsibility is shared and it protects both you and the establishment.,When in doubt always involve a manager or supervisor|The responsibility is shared and it protects both you and the establishment
131,ID Verification,Vertical ID,Medium,Standard,23,Vertical ID,Many states issue vertical IDs to people under 21. However the person may now be of legal age. Calculate their current age from the birthdate rather than assuming.,Many states issue vertical IDs to people under 21|However the person may now be of legal age|Calculate their current age from the birthdate rather than assuming
