ID,DOT,Question,Answer1,Answer2,Answer3,Answer4,CorrectAnswer,Category,Subcategory,Explanation,MustInclude,Difficulty
1,SSA-1.1,What is the legal drinking age in the United States?,18,19,21,25,3,ID Verification,Legal Age,The legal drinking age in the United States is 21 under the National Minimum Drinking Age Act of 1984.,0,1
2,SSA-1.2,Which document is considered the most reliable form of ID for verifying age?,Library card,Student ID,Government-issued photo ID,Employer ID badge,3,ID Verification,Acceptable ID,Government-issued photo IDs such as a driver's license or passport are the most reliable because they are difficult to forge and contain verifiable information.,0,1
3,SSA-1.3,When checking an ID what should you look for first?,The expiration date,The photo,The name,The birthdate,2,ID Verification,ID Checking,The photo should be checked first to confirm the person presenting the ID matches the person on the document.,0,2
4,SSA-1.4,A guest presents an ID that appears altered. What should you do?,Accept it if the photo matches,Ask a manager for guidance,Call the police immediately,Return it without comment,2,ID Verification,Altered ID,If an ID appears altered or tampered with you should involve a manager. Accepting a questionable ID could expose you and your establishment to legal liability.,0,2
5,SSA-1.5,Which of the following is NOT an acceptable form of ID for verifying age?,State driver's license,U.S. passport,Military ID,Gym membership card,4,ID Verification,Acceptable ID,Gym membership cards are not government-issued and cannot be used to verify age. Acceptable IDs include driver's licenses passports and military IDs.,0,1
6,SSA-1.6,How should you handle a situation where a guest claims they left their ID at home?,Serve them if they look old enough,Ask them to return with their ID,Ask another guest to vouch for them,Serve them one drink only,2,ID Verification,No ID,If a guest does not have ID you must refuse service. No exceptions. Estimating age is not a reliable or legal method of verification.,0,2
7,SSA-1.7,What does it mean when an ID is expired?,It is still valid for age verification,It cannot be used as valid ID,It is only valid if less than one year old,It is valid if the photo still matches,2,ID Verification,Expired ID,An expired ID is not valid for alcohol service. Expiration indicates the document is no longer current and cannot be legally relied upon.,0,2
8,SSA-1.8,A guest presents a passport from another country. What should you do?,Refuse it since it is foreign,Accept it as valid ID,Only accept U.S. passports,Ask for a second ID,2,ID Verification,Foreign ID,Foreign passports are government-issued documents and are acceptable for age verification. You should check the birthdate carefully.,0,2
9,SSA-1.9,What is the purpose of a secondary ID check?,To verify that the primary ID is not stolen,To confirm the guest is a regular customer,To satisfy a two-drink minimum policy,To check the guest's credit,1,ID Verification,Secondary ID,A secondary ID can help confirm that the person presenting the ID is the legitimate owner. It adds a layer of verification.,0,3
10,SSA-1.10,At what age does a guest not need to be carded according to most responsible service guidelines?,Never — all guests should be carded,Only guests over 50,Guests who are clearly over 30,Guests who are regulars,1,ID Verification,Carding Policy,Best practice is to card every guest regardless of apparent age. Consistent carding protects your establishment and removes judgment from the equation.,0,2
11,SSA-1.11,A guest presents an ID where the birthdate makes them exactly 21 today. Should you serve them?,No — they must be at least 21 for 30 days,Yes — they are exactly 21 and legal to drink,No — they must present two forms of ID,Yes — but only beer and wine,2,ID Verification,Exact Birthday,A guest who is exactly 21 years old today is of legal drinking age and may be served. The law is effective on the 21st birthday.,0,2
12,SSA-1.12,What information on an ID helps you calculate the guest's age?,Address,Height,Date of birth,Eye color,3,ID Verification,ID Reading,The date of birth is used to calculate the guest's current age and confirm they meet the minimum legal drinking age.,0,1
13,SSA-1.13,A guest shows you an ID that belongs to someone else. What is this called?,Age fraud,Identity theft,Impersonation,All of the above,4,ID Verification,Fake ID,Using another person's ID to obtain alcohol is identity fraud and can result in criminal charges for the guest and liability for the server.,0,2
14,SSA-1.14,Which security feature on a driver's license helps verify authenticity?,The lamination,A hologram or UV feature,The font style,The color of the card,2,ID Verification,ID Security Features,Most modern driver's licenses include holograms ultraviolet features and microprinting that are difficult to replicate and help verify authenticity.,0,3
15,SSA-1.15,What should you do if you are unsure whether an ID is valid?,Serve the guest and note the time,Ask a manager or supervisor,Make your best guess,Ask the guest if it is real,2,ID Verification,Uncertain ID,When in doubt always involve a manager or supervisor. The responsibility is shared and it protects both you and the establishment.,0,2
16,SSA-2.1,Which of the following is a physical sign of intoxication?,Ordering a second drink,Talking with friends,Slurred speech,Tipping generously,3,Signs of Intoxication,Physical Signs,Slurred speech is a classic physical sign of intoxication caused by alcohol's effect on the motor control areas of the brain.,0,1
17,SSA-2.2,A guest is having difficulty walking in a straight line. This is a sign of,Nervousness,Intoxication,Medical condition,New shoes,2,Signs of Intoxication,Physical Signs,Difficulty walking or loss of coordination is a primary sign of intoxication. Alcohol impairs motor function and balance.,0,1
18,SSA-2.3,Which behavioral sign may indicate a guest is becoming intoxicated?,Becoming more talkative and louder,Ordering water,Eating food,Checking their phone,1,Signs of Intoxication,Behavioral Signs,Increased talkativeness loud behavior and loss of inhibitions are early behavioral signs of alcohol intoxication.,0,2
19,SSA-2.4,A guest is becoming increasingly argumentative and aggressive. What should this signal to you?,They are having a bad day,This is normal behavior for this guest,They may be intoxicated,They need more to drink,3,Signs of Intoxication,Behavioral Signs,Aggression and argumentative behavior are signs of intoxication. Alcohol lowers inhibitions and impairs judgment often leading to confrontational behavior.,0,2
20,SSA-2.5,Which of the following is NOT a reliable sign of intoxication?,Glassy or bloodshot eyes,Slurred speech,Wearing expensive clothing,Unsteady balance,3,Signs of Intoxication,Physical Signs,Clothing and appearance have no bearing on intoxication levels. Physical and behavioral cues are the reliable indicators.,0,1
21,SSA-2.6,A guest who was loud and energetic earlier has become quiet and drowsy. What does this suggest?,They are bored,They are intoxicated,They are tired from work,They are being polite,2,Signs of Intoxication,Behavioral Signs,A shift from energetic to drowsy and quiet can indicate a high level of intoxication as the central nervous system becomes more depressed.,0,2
22,SSA-2.7,Why is it difficult to determine intoxication by appearance alone?,Some people hide intoxication well,Alcohol affects everyone differently,Both A and B,Neither A nor B,3,Signs of Intoxication,Assessment,Individual tolerance weight and metabolism mean alcohol affects people differently. Some people can appear sober while legally intoxicated.,0,2
23,SSA-2.8,A guest is spilling their drink repeatedly and having trouble holding their glass. This suggests,The glass is too full,The guest may be intoxicated,The bar surface is wet,The guest is left-handed,2,Signs of Intoxication,Physical Signs,Loss of fine motor control such as difficulty holding a glass is a sign of alcohol impairment.,0,2
24,SSA-2.9,What does alcohol do to a person's inhibitions?,It has no effect,It increases them,It lowers them,It eliminates them immediately,3,Signs of Intoxication,Effects of Alcohol,Alcohol lowers inhibitions by depressing the prefrontal cortex which controls judgment and social behavior. This often results in bold or reckless actions.,0,2
25,SSA-2.10,A guest is laughing excessively and making jokes that are inappropriate. This could indicate,They are a comedian,They are intoxicated,They are nervous,They are celebrating a birthday,2,Signs of Intoxication,Behavioral Signs,Inappropriate or excessive behavior is a behavioral sign of intoxication. Alcohol impairs social judgment and self-regulation.,0,2
26,SSA-2.11,How does alcohol affect a person's reaction time?,It improves it,It has no effect,It slows it down,It only affects reaction time after 5 drinks,3,Signs of Intoxication,Effects of Alcohol,Alcohol slows reaction time by impairing the central nervous system. This is why driving under the influence is so dangerous.,0,2
27,SSA-2.12,A guest who arrived sober is now exhibiting signs of intoxication. What is the most important thing to track?,Their tab amount,The time and number of drinks they have consumed,Their food order,Their name,2,Signs of Intoxication,Monitoring,Tracking the number of drinks and the time elapsed helps servers assess intoxication levels and make responsible service decisions.,0,2
28,SSA-2.13,Which of the following best describes a guest who is visibly intoxicated?,A guest who has had exactly three drinks,A guest showing observable signs of impairment,A guest who admits they are drunk,A guest who is stumbling outside,2,Signs of Intoxication,Visible Intoxication,Visible intoxication means observable signs of impairment. You do not need a guest to admit intoxication or for them to fall down before acting.,0,2
29,SSA-2.14,Bloodshot or glassy eyes in a guest may indicate,Allergies only,Fatigue only,Intoxication or other impairment,They were swimming,3,Signs of Intoxication,Physical Signs,Bloodshot or glassy eyes can indicate intoxication though they may also result from other causes. Combined with other signs they are a reliable indicator.,0,2
30,SSA-2.15,What is the best approach to monitoring a guest's intoxication level?,Wait until they are clearly drunk,Monitor consistently from the first drink,Only check when they order another drink,Ask other guests to report problems,2,Signs of Intoxication,Monitoring,Responsible service requires monitoring from the first drink. Catching early signs allows you to slow service before the guest becomes visibly intoxicated.,0,3
31,SSA-3.1,What does BAC stand for?,Blood Alcohol Concentration,Body Alcohol Count,Beverage Alcohol Content,Blood Absorption Capacity,1,BAC & Physiology,BAC Basics,BAC stands for Blood Alcohol Concentration. It measures the amount of alcohol in a person's bloodstream expressed as a percentage.,0,1
32,SSA-3.2,At what BAC level is a person considered legally impaired to drive in most U.S. states?,0.04%,0.08%,0.10%,0.12%,2,BAC & Physiology,Legal Limit,The legal BAC limit for driving in most U.S. states is 0.08%. At this level a driver is considered legally impaired.,0,1
33,SSA-3.3,Which factor has the greatest influence on how quickly a person becomes intoxicated?,Their mood,Their body weight,How much they slept,Their hair color,2,BAC & Physiology,BAC Factors,Body weight is a primary factor in alcohol metabolism. A lighter person will reach a higher BAC more quickly than a heavier person consuming the same amount.,0,2
34,SSA-3.4,How does food in the stomach affect alcohol absorption?,It speeds up absorption,It has no effect,It slows absorption,It prevents intoxication,3,BAC & Physiology,Absorption,Food in the stomach slows the absorption of alcohol into the bloodstream by diluting it and slowing gastric emptying.,0,2
35,SSA-3.5,How does gender affect BAC?,Women typically reach higher BAC than men for the same amount of alcohol,Men typically reach higher BAC than women,Gender has no effect on BAC,Only applies to people under 25,1,BAC & Physiology,BAC Factors,Women typically have less body water and lower levels of the enzyme that breaks down alcohol resulting in higher BAC than men of the same weight consuming the same amount.,0,2
36,SSA-3.6,At approximately what rate does the body eliminate alcohol?,One standard drink per 30 minutes,One standard drink per hour,One standard drink per two hours,It varies too much to estimate,2,BAC & Physiology,Elimination Rate,The liver processes approximately one standard drink per hour. This rate cannot be accelerated by coffee water or food.,0,2
37,SSA-3.7,What is a standard drink in the United States?,Any drink served in a bar,A drink containing 0.6 ounces of pure alcohol,A 12-ounce glass of any beverage,A drink that costs one dollar,2,BAC & Physiology,Standard Drink,A standard drink contains 0.6 ounces of pure alcohol. This equals 12 oz of regular beer 5 oz of wine or 1.5 oz of distilled spirits.,0,2
38,SSA-3.8,Can coffee or energy drinks sober a person up faster?,Yes — caffeine neutralizes alcohol,Yes — but only in large amounts,No — only time allows BAC to decrease,No — but they may help the person stay awake,3,BAC & Physiology,Myths,Coffee and energy drinks do not reduce BAC. They can mask drowsiness but the person remains impaired. Only time reduces BAC.,0,2
39,SSA-3.9,Which organ is primarily responsible for metabolizing alcohol?,The kidneys,The stomach,The liver,The heart,3,BAC & Physiology,Metabolism,The liver is the primary organ responsible for metabolizing alcohol. It processes approximately one standard drink per hour.,0,1
40,SSA-3.10,How does drinking on an empty stomach compare to drinking after a meal?,No difference,BAC rises slower on empty stomach,BAC rises faster on empty stomach,Empty stomach prevents intoxication,3,BAC & Physiology,Absorption,Without food to slow absorption alcohol passes quickly into the bloodstream resulting in a faster rise in BAC.,0,2
41,SSA-3.11,Which type of beverage typically constitutes one standard drink?,A 16-ounce beer,A 5-ounce glass of wine,A double shot of spirits,A full bottle of hard cider,2,BAC & Physiology,Standard Drink,A 5-ounce glass of wine at approximately 12% alcohol content constitutes one standard drink containing 0.6 ounces of pure alcohol.,0,2
42,SSA-3.12,What effect does carbonation in drinks have on alcohol absorption?,It slows absorption,It has no effect,It speeds up absorption,It only affects women,3,BAC & Physiology,Absorption,Carbonation speeds the absorption of alcohol by increasing the rate at which alcohol passes from the stomach into the small intestine.,0,3
43,SSA-3.13,What is the approximate BAC at which most people begin to show signs of impairment?,0.02%,0.04%,0.08%,0.15%,2,BAC & Physiology,Impairment Levels,Most people begin to show signs of impairment at a BAC of around 0.04% to 0.05% though legal impairment is defined at 0.08%.,0,3
44,SSA-3.14,Can a person with a high alcohol tolerance have a high BAC without appearing drunk?,Yes,No,Only if they eat enough food,Only applies to men,1,BAC & Physiology,Tolerance,A person with high tolerance may not show visible signs of intoxication but their BAC can still be at dangerous levels. Tolerance does not mean safety.,0,3
45,SSA-3.15,What is the effect of mixing alcohol with medication?,No effect unless prescribed,It can increase intoxication and create dangerous interactions,It always neutralizes alcohol,It only affects the elderly,2,BAC & Physiology,Medication Interactions,Many medications interact dangerously with alcohol amplifying intoxication or causing adverse reactions. Servers should be aware that medication use can accelerate visible intoxication.,0,3
46,SSA-4.1,What is the primary goal of intervention in responsible alcohol service?,To embarrass the guest,To prevent harm to the guest and others,To increase the establishment's liability,To end the guest's evening quickly,2,Intervention & Refusal,Intervention Goals,The goal of intervention is to prevent harm. This includes preventing the guest from driving impaired causing a disturbance or injuring themselves or others.,0,1
47,SSA-4.2,When should you begin slowing service to a guest?,After they are visibly intoxicated,When you first notice signs of intoxication,Only when they ask for another drink,After they have had five drinks,2,Intervention & Refusal,Slowing Service,Intervention should begin as early as possible. Slowing service when early signs appear is far more effective than waiting until the guest is visibly intoxicated.,0,2
48,SSA-4.3,Which of the following is an appropriate way to slow service to a guest?,Ignore their next drink order,Remove their current drink,Offer food water or a non-alcoholic beverage,Tell them loudly they have had enough,3,Intervention & Refusal,Slowing Service,Offering food water or a non-alcoholic alternative is a non-confrontational way to slow service. It addresses the guest's needs without causing embarrassment.,0,2
49,SSA-4.4,A guest insists they are fine and demands another drink. What should you do?,Serve them since they insist they are fine,Use your judgment and observe their behavior,Trust the guest — they know their limits,Serve them but make it weaker,2,Intervention & Refusal,Refusal,A guest's insistence that they are fine does not override your professional assessment. Use your observation skills and follow responsible service guidelines.,0,2
50,SSA-4.5,How should you communicate a refusal of service to a guest?,Loudly so other guests hear,In a private calm and respectful manner,Through another staff member,By calling the police,2,Intervention & Refusal,Communicating Refusal,Refusal should always be delivered privately calmly and respectfully. Public confrontation can escalate the situation and harm the establishment's reputation.,0,2
51,SSA-4.6,What should you say when refusing service to a guest?,You are drunk and need to leave,I am sorry but I cannot serve you any more alcohol tonight,You have had enough,Call a cab you are too drunk,2,Intervention & Refusal,Communicating Refusal,A calm professional statement focuses on what you can do and avoids accusatory language. I cannot serve you more alcohol tonight is direct without being confrontational.,0,2
52,SSA-4.7,A guest you have refused service to becomes angry and threatens to complain. What should you do?,Give them one more drink to calm them down,Apologize and serve them,Stand firm calmly explain the policy and involve a manager,Ask them to leave immediately,3,Intervention & Refusal,Handling Pushback,Your responsibility is to the guest's safety and your legal obligations. Involve a manager but do not reverse a refusal under pressure.,0,3
53,SSA-4.8,What is the most important thing to do after refusing service to a guest?,Ignore them for the rest of the evening,Continue to monitor them and ensure they get home safely,Ask them to pay their tab and leave,Document the refusal in the incident log,2,Intervention & Refusal,Post-Refusal,Refusing service does not end your responsibility. You must ensure the guest does not drive and gets home safely. Offer to call a cab or rideshare.,0,3
54,SSA-4.9,A group of friends is trying to order drinks for an intoxicated member of their group. What should you do?,Serve the drinks to the friends,Refuse alcohol service to the intoxicated guest even if ordered by others,Only serve beer not spirits,Let the friends decide,2,Intervention & Refusal,Third Party Ordering,Allowing friends to order alcohol for an intoxicated guest circumvents your refusal. You must refuse alcohol service to the intoxicated person regardless of who orders it.,0,3
55,SSA-4.10,Which of the following is the best way to prevent a guest from driving drunk?,Take their keys by force,Call the police,Offer to call a taxi or rideshare and involve a manager,Ask other guests to stop them,3,Intervention & Refusal,Preventing Drunk Driving,Offering to arrange alternative transportation is the most practical and professional approach. Involving management ensures backup support.,0,2
56,SSA-4.11,Why is it important to document a refusal of service?,For tax purposes,To create evidence of responsible service in case of legal action,To report to ServSafe,To update the guest's account,2,Intervention & Refusal,Documentation,Documentation of service refusals creates a record that demonstrates responsible service practices. This can be critical in defending against dram shop liability claims.,0,3
57,SSA-4.12,What should you do if a guest leaves your establishment and you believe they intend to drive drunk?,Nothing — once they leave it is not your responsibility,Notify a manager and consider calling law enforcement,Chase them to the parking lot,Ask another guest to follow them,2,Intervention & Refusal,Drunk Driving Prevention,Your duty of care may extend beyond the door. Notifying a manager and potentially law enforcement is the responsible action when you believe a guest will drive impaired.,0,3
58,SSA-4.13,A guest tells you they only live two blocks away and will walk home. Does this change your refusal decision?,Yes — walking is safe so serve them,No — you should still refuse further service,Only if they show you their ID,Yes — distance from establishment matters legally,2,Intervention & Refusal,Refusal,Walking does not eliminate the risks of intoxication. A guest who is visibly intoxicated should not be served more alcohol regardless of their transportation plans.,0,2
59,SSA-4.14,What is the best approach when you first suspect a guest is becoming intoxicated?,Immediately cut them off,Begin slowing service and monitoring closely,Ask them how many drinks they have had,Ignore it unless they cause a problem,2,Intervention & Refusal,Early Intervention,Early intervention through slowing service and closer monitoring is the most effective approach. Immediate cutoff can create unnecessary confrontation.,0,2
60,SSA-4.15,A guest returns after being refused service at another bar. What should you do?,Serve them since it is a fresh start,Refuse service — they are already intoxicated,Ask them how long ago they were refused,Call the other bar to confirm,2,Intervention & Refusal,Pre-Intoxicated Guests,A guest who was refused service elsewhere is already intoxicated. Serving them continues the intoxication and creates liability for your establishment.,0,3
61,SSA-5.1,What is dram shop liability?,A law requiring bars to sell alcohol by the ounce,Legal responsibility of alcohol servers for harm caused by intoxicated guests,A tax on alcohol sales,A requirement to serve food with alcohol,2,Legal Liability,Dram Shop Law,Dram shop laws hold alcohol-serving establishments liable for injuries or damages caused by intoxicated guests they served. This liability can extend to third parties harmed by the guest.,0,2
62,SSA-5.2,Under dram shop laws who can be held liable for injuries caused by a drunk driver?,Only the drunk driver,The driver and the establishment that served them,Only the establishment,No one if the driver is over 21,2,Legal Liability,Dram Shop Law,Dram shop laws allow injured third parties to sue both the intoxicated person and the establishment that served them. This is why responsible service is so critical.,0,2
63,SSA-5.3,What is the primary purpose of dram shop laws?,To generate tax revenue,To encourage alcohol sales,To protect the public from harm caused by over-service,To regulate alcohol pricing,3,Legal Liability,Dram Shop Law,Dram shop laws exist to create accountability in the alcohol service industry and protect the public from the dangers of over-service.,0,2
64,SSA-5.4,Which of the following best protects an establishment from dram shop liability?,Serving only beer and wine,Consistent responsible service practices and documentation,Having a large security team,Requiring guests to sign a waiver,2,Legal Liability,Liability Protection,Consistent responsible service practices including monitoring guests slowing service and documenting refusals provide the strongest legal protection.,0,3
65,SSA-5.5,Can a server be personally held liable for over-serving a guest?,Yes in many states,No — only the establishment is liable,Only if the guest is under 21,Only if the guest dies,1,Legal Liability,Server Liability,Many states allow personal liability claims against individual servers who knowingly over-serve guests. This is why responsible service training is essential for all alcohol service staff.,0,3
66,SSA-5.6,What is the best defense against a dram shop lawsuit?,Claiming you did not know the guest was drunk,Documented evidence of responsible service practices,Having the guest sign a release,Providing free food to guests,2,Legal Liability,Liability Protection,Documentation of responsible service — including notes on the guest's condition refusals and actions taken — is the strongest defense in a dram shop lawsuit.,0,3
67,SSA-5.7,A guest injures a third party after leaving your establishment. Your establishment could face liability if,You served the guest their first drink,You served the guest when they were visibly intoxicated,The guest had a fake ID,The injury occurred on your property,2,Legal Liability,Dram Shop Scenarios,Liability arises when you serve a visibly intoxicated person who then causes harm. Serving someone who later becomes intoxicated elsewhere generally does not create liability.,0,3
68,SSA-5.8,What does it mean to serve alcohol to a minor?,Providing alcohol to anyone under 21,Providing alcohol to anyone under 18,Providing a small amount of alcohol,Serving a reduced portion,1,Legal Liability,Minor Service,Serving alcohol to anyone under the age of 21 is illegal in the United States and constitutes service to a minor regardless of the amount served.,0,1
69,SSA-5.9,What are the potential consequences of serving alcohol to a minor?,Only a warning for first offense,Criminal charges fines and loss of liquor license,Only a civil fine,Nothing if the minor had a fake ID,2,Legal Liability,Minor Service,Serving alcohol to a minor can result in criminal charges substantial fines and revocation of the establishment's liquor license. The fake ID defense provides limited protection.,0,2
70,SSA-5.10,Does having a fake ID fully protect an establishment from liability for serving a minor?,Yes — it transfers all liability to the minor,No — establishments can still face penalties depending on state law,Yes — if the ID appeared genuine,Only if the server checked the ID,2,Legal Liability,Fake ID Defense,While a convincing fake ID may mitigate liability in some states it does not provide complete protection in all jurisdictions. Consistent ID checking practices are the best defense.,0,3
71,SSA-5.11,What is social host liability?,Liability for serving alcohol at a private party,A law about hosting events in restaurants,A requirement to have security at parties,A tax on private events,1,Legal Liability,Social Host Liability,Social host liability laws hold private individuals responsible for injuries caused by guests they served alcohol to. This applies to house parties and private events not just commercial establishments.,0,3
72,SSA-5.12,Why is it important to know your state's specific dram shop laws?,Laws vary significantly by state,They are the same everywhere,Only managers need to know them,They only apply to spirits not beer or wine,1,Legal Liability,State Laws,Dram shop laws vary significantly between states including differences in liability limits defenses available and whether servers can be personally liable.,0,2
73,SSA-5.13,An intoxicated guest injures themselves after leaving your establishment. Can your establishment be liable?,Never — injuries outside the establishment are not your responsibility,Possibly — depending on state law and the circumstances of service,Only if they fall on your property,Only if they were a minor,2,Legal Liability,Liability Scenarios,Some states extend dram shop liability to self-inflicted injuries. The circumstances of service and the guest's visible intoxication at the time of service are key factors.,0,3
74,SSA-5.14,What is the best way to demonstrate that your establishment operates responsibly?,Post signs about responsible drinking,Maintain consistent service standards and training records,Serve food with every drink,Limit hours of operation,2,Legal Liability,Liability Protection,Documented training programs consistent service standards and incident logs demonstrate a culture of responsible service which is critical in legal proceedings.,0,2
75,SSA-5.15,What should an establishment do after an incident involving an intoxicated guest?,Nothing unless someone was hurt,Document the incident thoroughly as soon as possible,Wait to see if a lawsuit is filed,Deny the guest was intoxicated,2,Legal Liability,Incident Documentation,Thorough prompt documentation of incidents is critical. Detailed records created close in time to the event are far more credible than recollections made later.,0,3
76,SSA-6.1,What is the primary goal of responsible alcohol service?,To maximize alcohol sales,To ensure a safe and enjoyable experience for all guests,To meet minimum legal requirements only,To prevent guests from drinking,2,Responsible Service,Core Principles,Responsible alcohol service aims to provide a safe enjoyable environment while preventing harm. It balances hospitality with duty of care.,0,1
77,SSA-6.2,Why is it important to offer food to guests who are drinking?,Food slows alcohol absorption,Food absorbs all the alcohol,Food prevents intoxication entirely,It is not important,1,Responsible Service,Food Service,Food particularly high-protein and high-fat foods slows the absorption of alcohol into the bloodstream helping to moderate the rise in BAC.,0,2
78,SSA-6.3,Which of the following is an example of responsible alcohol service?,Offering a free round of drinks at last call,Encouraging guests to drink more to increase tips,Monitoring guest consumption throughout their visit,Serving doubles to speed up service,3,Responsible Service,Service Practices,Monitoring guest consumption and making proactive service decisions throughout the visit is the cornerstone of responsible service.,0,2
79,SSA-6.4,What does a house policy on alcohol service typically include?,Rules for pricing specials only,Guidelines for responsible service refusal procedures and emergency protocols,Only the hours alcohol is served,Only rules for servers not managers,2,Responsible Service,House Policy,A comprehensive house policy includes responsible service standards refusal procedures emergency protocols and staff training requirements.,0,2
80,SSA-6.5,How should an establishment handle a guest who appears to be pre-intoxicated when they arrive?,Serve them normally since they were not served here,Refuse alcohol service,Offer them only beer,Ask them to leave immediately,2,Responsible Service,Pre-Intoxicated Guests,A guest who arrives already intoxicated should not be served alcohol. Serving them would constitute service to a visibly intoxicated person creating legal liability.,0,2
81,SSA-6.6,What is the role of management in responsible alcohol service?,Only to handle complaints,To train staff set policies and support responsible service decisions,To override server refusals,To handle all service personally,2,Responsible Service,Management Role,Management is responsible for training staff establishing and enforcing responsible service policies and supporting servers when difficult decisions must be made.,0,2
82,SSA-6.7,Why should servers avoid drinking alcohol while on duty?,It is a personal choice,It impairs their ability to assess guests and make responsible service decisions,Only bartenders should avoid it,It only matters if they drink heavily,2,Responsible Service,Server Conduct,A server who has consumed alcohol cannot reliably assess a guest's intoxication level and may make poor service decisions. Most establishments prohibit staff from drinking on duty.,0,2
83,SSA-6.8,What is the purpose of a last call procedure?,To maximize last-minute sales,To give guests a chance to order one final drink while managing their departure responsibly,To close the bar as fast as possible,To collect all glasses,2,Responsible Service,Last Call,A responsible last call procedure gives guests reasonable notice while allowing staff to monitor the final round of service and arrange safe transportation if needed.,0,2
84,SSA-6.9,What should a server do if they see a coworker over-serving a guest?,Ignore it — it is not their responsibility,Inform a manager,Confront the coworker publicly,Continue serving the guest themselves,2,Responsible Service,Team Responsibility,Responsible service is a team effort. If you see a coworker over-serving a guest notify a manager. The establishment's liability and the guest's safety are everyone's concern.,0,2
85,SSA-6.10,How does offering water to guests support responsible service?,It replaces alcohol consumption,It slows alcohol absorption and paces consumption,It has no effect on intoxication,It is only helpful before drinking starts,2,Responsible Service,Service Practices,Offering water between drinks slows consumption and helps maintain hydration. It is a non-confrontational way to pace a guest's drinking.,0,2
86,SSA-6.11,What is the benefit of a two-drink maximum per round policy?,It limits revenue,It prevents guests from becoming intoxicated as quickly,It is required by law,It only applies to spirits,2,Responsible Service,Service Policies,Limiting orders to two drinks per round slows consumption rates giving the server more opportunity to monitor the guest's condition between rounds.,0,3
87,SSA-6.12,Which of the following promotes responsible alcohol service?,Happy hour specials with unlimited drinks,Drink specials that reward faster consumption,Clear pricing visible non-alcoholic options and attentive service,Serving alcohol until closing without monitoring,3,Responsible Service,Responsible Promotions,Responsible promotions avoid incentivizing rapid consumption. Clear pricing visible non-alcoholic alternatives and attentive service support a responsible service environment.,0,2
88,SSA-6.13,What should be included in responsible service training for staff?,Only how to make cocktails,Legal requirements signs of intoxication refusal procedures and house policy,Only how to check IDs,Only how to handle customer complaints,2,Responsible Service,Staff Training,Comprehensive responsible service training covers legal requirements recognizing intoxication intervention techniques refusal procedures and establishment-specific policies.,0,2
89,SSA-6.14,Why is consistency important in responsible alcohol service?,It makes scheduling easier,Consistent practices ensure all guests are treated fairly and protect the establishment legally,It speeds up service,It only matters for compliance audits,2,Responsible Service,Consistency,Inconsistent service practices create both fairness issues and legal vulnerabilities. Consistent application of responsible service standards protects guests and the establishment.,0,2
90,SSA-6.15,What is the server's responsibility when a guest orders alcohol for someone who appears intoxicated?,Serve the order since they did not order it themselves,Refuse the alcohol regardless of who ordered it,Serve beer but not spirits,Ask the manager to decide,2,Responsible Service,Third Party Orders,Your responsibility is to the intoxicated guest's safety not to the convenience of their table. Refusing alcohol to an intoxicated person applies regardless of who places the order.,0,3
91,SSA-1.16,A guest presents a valid ID but appears to be much younger than the photo. What should you do?,Accept the ID since it is valid,Ask for a second form of ID and observe carefully,Refuse service without explanation,Ask another server to check,2,ID Verification,ID Comparison,If there is a significant discrepancy between the guest's appearance and the photo ask for additional ID. A valid ID with a suspicious photo match warrants extra verification.,0,3
92,SSA-1.17,What is the minimum age at which a server can legally check IDs and serve alcohol in most states?,16,18,21,There is no minimum,2,ID Verification,Server Age Requirements,Most states require alcohol servers to be at least 18 years old. Some require 21. Always check your state's specific requirements.,0,2
93,SSA-2.16,A guest says they are a nurse and can handle more alcohol than usual. Should this affect your service decision?,Yes — medical professionals can handle more,No — observable behavior is your guide,Yes — if they show their credentials,Only if they are off duty,2,Signs of Intoxication,Assessment,Professional claims do not affect your service decision. Your assessment must be based on observable signs of intoxication not on the guest's stated tolerance or profession.,0,3
94,SSA-2.17,Which sense is often most reliable when assessing a guest's intoxication?,Hearing their speech,Smelling alcohol on their breath,Watching their behavior and coordination,Touching their arm,3,Signs of Intoxication,Assessment,Behavioral observation including coordination speech clarity and demeanor is the most reliable and professionally appropriate method of assessing intoxication.,0,3
95,SSA-3.16,Does drinking water between alcoholic drinks lower a person's BAC?,Yes — water dilutes the alcohol,No — water does not affect BAC,Yes — but only if they drink equal amounts,Only if combined with food,2,BAC & Physiology,Myths,Water does not lower BAC. It can help with hydration and may slow consumption but it does not speed up the elimination of alcohol from the bloodstream.,0,2
96,SSA-3.17,How does age affect alcohol metabolism?,Older adults metabolize alcohol faster,Age has no effect,Older adults metabolize alcohol more slowly,Only affects people over 70,3,BAC & Physiology,BAC Factors,As people age their body water decreases and liver function slows resulting in higher BAC from the same amount of alcohol compared to younger adults.,0,3
97,SSA-4.16,A guest has been nursing the same drink for an hour and shows no signs of intoxication. How should you approach their next order?,Offer a stronger drink since they are clearly fine,Serve them normally while continuing to monitor,Refuse service as a precaution,Ask them if they plan to drive,2,Intervention & Refusal,Ongoing Assessment,A guest who is pacing themselves and showing no signs of intoxication should be served normally. Responsible service does not mean refusing all service only refusing when signs warrant it.,0,2
98,SSA-4.17,What should you do if a guest becomes ill or loses consciousness in your establishment?,Call their friends,Call emergency services immediately,Ask them to leave,Wait to see if they recover,2,Intervention & Refusal,Emergency Response,A guest who loses consciousness or becomes severely ill requires immediate emergency medical assistance. Call 911 without delay.,0,3
99,SSA-5.16,Can an establishment be held liable if they did not know the guest was intoxicated?,Generally no if they exercised reasonable care,Yes always,No never,Only if the guest drove,1,Legal Liability,Liability Defense,Reasonable care — including consistent ID checking monitoring and documentation — provides a defense against liability claims. Establishments are generally not liable when they exercised proper care.,0,3
100,SSA-5.17,What is the significance of a guest's BAC level in a dram shop case?,BAC is irrelevant,High BAC at the time of an incident can support a claim that the guest was visibly intoxicated when served,Only matters if over 0.15%,BAC cannot be used as evidence,2,Legal Liability,BAC and Liability,BAC evidence taken after an incident can be used to retroactively estimate the guest's level of intoxication at the time they were served providing evidence in liability cases.,0,3
101,SSA-6.16,What is the purpose of non-alcoholic beverage options on a menu?,Purely decorative,To provide alternatives for guests who are not drinking or slowing down,Only for designated drivers,Required by law,2,Responsible Service,Non-Alcoholic Options,Visible non-alcoholic options make it easier for guests to switch without feeling singled out and support a responsible service environment.,0,2
102,SSA-6.17,How should an establishment handle a situation where a large group is becoming collectively intoxicated?,Continue serving since no individual is visibly intoxicated,Alert management and consider slowing or stopping service to the group,Serve only beer to the group,Ask the group to leave,2,Responsible Service,Group Management,Groups can collectively encourage higher consumption. When a group is becoming intoxicated alert management and consider service strategies for the group as a whole.,0,3
103,SSA-1.18,A guest presents a vertical ID which typically indicates they were under 21 when it was issued. What should you check?,Nothing — vertical IDs are always for minors,Whether the birthdate makes them currently 21 or older,Refuse service — all vertical IDs mean the person is under 21,Ask for a different ID,2,ID Verification,Vertical ID,Many states issue vertical IDs to people under 21. However the person may now be of legal age. Calculate their current age from the birthdate rather than assuming.,0,3
104,SSA-2.18,A guest who appeared sober an hour ago is now showing signs of intoxication. What does this tell you?,They brought their own alcohol,Their intoxication level has increased and service decisions need to be reassessed,They are faking,Nothing — people's moods change,2,Signs of Intoxication,Ongoing Monitoring,Intoxication develops over time. A guest who was sober earlier may now be impaired. Ongoing monitoring allows you to catch these changes and respond appropriately.,0,2
105,SSA-3.18,A 120-pound woman and a 200-pound man drink the same number of drinks in the same time. Who will likely have the higher BAC?,The man,They will be equal,The woman,It depends on the type of drink,3,BAC & Physiology,BAC Factors,Body weight significantly affects BAC. A lighter person will have less body water to dilute the alcohol resulting in a higher BAC from the same amount consumed.,0,2
106,SSA-4.18,A guest refuses to give up their keys. What is the most appropriate next step?,Force them to hand over the keys,Call law enforcement,Accept that you cannot stop them,Ask another guest to distract them,2,Intervention & Refusal,Drunk Driving Prevention,You cannot physically restrain a guest. However calling law enforcement is appropriate when a guest who is intoxicated intends to drive.,0,3
107,SSA-5.18,Which of the following is an example of negligent alcohol service?,Refusing service to a visibly intoxicated guest,Checking IDs consistently,Continuing to serve a guest who is visibly intoxicated,Offering food to guests who are drinking,3,Legal Liability,Negligent Service,Continuing to serve a visibly intoxicated guest is the definition of negligent alcohol service and is the basis of most dram shop liability claims.,0,2
108,SSA-6.18,What is a reasonable accommodation for a guest who has been refused service?,Offer to call a cab and provide water,Ask them to leave immediately,Ignore them,Offer a non-alcoholic drink and engage them in conversation,4,Responsible Service,Post-Refusal Care,After refusing service continuing to provide hospitality through non-alcoholic beverages and conversation keeps the guest comfortable and reduces the risk of confrontation.,0,2
109,SSA-1.19,A guest presents a temporary paper driver's license. Should you accept it?,Never — only accept plastic IDs,Yes if it is government-issued and includes a birthdate and photo,Only if they also have a second ID,Only for beer not spirits,2,ID Verification,Temporary ID,Temporary paper licenses are issued by the DMV and are valid government documents. They should include necessary information to verify age.,0,2
110,SSA-2.19,Why might a guest who appears sober still be dangerously intoxicated?,They are pretending to be sober,Their tolerance allows them to mask signs of impairment,They had food earlier,They are naturally uncoordinated,2,Signs of Intoxication,Tolerance,High tolerance allows some people to appear sober at BAC levels that would visibly impair others. This makes them just as dangerous — especially behind the wheel.,0,3
111,SSA-3.19,How long after the last drink does BAC typically peak?,Immediately,30 to 90 minutes,3 hours,6 hours,2,BAC & Physiology,BAC Peak,BAC typically peaks 30 to 90 minutes after the last drink depending on food intake and other factors. This means a guest may continue to become more impaired after stopping drinking.,0,3
112,SSA-4.19,What is a common mistake servers make when trying to avoid conflict during a refusal?,Being too direct,Being vague and giving inconsistent messages,Involving management,Offering alternatives,2,Intervention & Refusal,Refusal Techniques,Vague messaging such as maybe just one more sends mixed signals. Clear consistent communication is essential for an effective refusal.,0,3
113,SSA-5.19,What does visible intoxication mean in a legal context?,The guest has a BAC of 0.08% or higher,Observable signs of intoxication that a reasonable person would recognize,The guest is unconscious,The guest has slurred speech only,2,Legal Liability,Legal Definitions,Visible intoxication is a legal standard based on observable signs. Courts will assess whether a reasonable server would have recognized the signs of intoxication based on the guest's behavior.,0,3
114,SSA-6.19,How does consistent responsible service training benefit an establishment?,It increases paperwork,It reduces legal risk ensures consistent service and creates a safer environment,It reduces staff morale,It is only required once,2,Responsible Service,Training Benefits,Regular training ensures all staff apply the same standards reduces legal exposure improves the guest experience and creates a culture of responsibility.,0,2
115,SSA-1.20,What should you do if the ID scanner shows a valid result but the photo does not match the guest?,Trust the scanner and serve the guest,Verify manually — the scanner validates the ID not the identity,Confiscate the ID,Call the police,2,ID Verification,Technology Limits,ID scanners verify that an ID is technically valid but cannot confirm that the person using it is the ID's legitimate owner. Visual verification of the photo is always required.,0,3
116,SSA-2.20,A guest is crying and appears emotionally upset. Could this affect your service decision?,No — emotions are not related to intoxication,Possibly — alcohol amplifies emotions and emotional distress can interact with intoxication,Only if they ask for more drinks,No — serve them as normal,2,Signs of Intoxication,Special Circumstances,Emotional distress combined with alcohol can escalate quickly. A guest who is both upset and intoxicated warrants closer monitoring and potentially slowed service.,0,3
117,SSA-3.20,What happens to BAC when a person stops drinking?,It immediately drops to zero,It continues to rise for a period before declining,It stays constant,It drops at the same rate alcohol was consumed,2,BAC & Physiology,BAC Curve,BAC continues to rise after the last drink until all alcohol has been absorbed typically 30 to 90 minutes. Then it declines at approximately one standard drink per hour.,0,3
118,SSA-4.20,Why is it important to stay calm when refusing service?,It shows you do not care,Calm communication is more effective and reduces the risk of escalation,It is required by law,It protects you from being blamed,2,Intervention & Refusal,Communication Skills,Calm professional communication reduces the chance of confrontation and keeps the interaction focused on safety rather than conflict.,0,2
119,SSA-5.20,Which of the following could increase an establishment's liability in a dram shop case?,Consistent ID checking,Refusing service to visibly intoxicated guests,Serving a guest who later reported feeling fine,Continuing service after a guest showed clear signs of intoxication,4,Legal Liability,Liability Factors,Continuing to serve a guest who has shown clear signs of intoxication is direct evidence of negligent service and significantly increases liability exposure.,0,3
120,SSA-6.20,What is the most important thing a server can do to protect themselves and their establishment?,Memorize drink recipes,Apply responsible service standards consistently every shift,Avoid serving alcohol entirely,Only work day shifts,2,Responsible Service,Server Responsibility,Consistent application of responsible service standards on every shift is the most effective protection for both the server personally and the establishment legally.,0,2
121,SSA-1.21,What is the purpose of checking the expiration date on an ID?,To ensure the ID was recently issued,To confirm the ID is currently valid and has not been altered,To verify the guest's address,To determine how long they have been of legal age,2,ID Verification,Expiration Date,An expired ID is no longer a valid government document and cannot be used for age verification. Checking the expiration date is a standard step in ID verification.,0,1
122,SSA-2.21,A guest's speech is slightly slurred but they insist they only had one drink. What should you do?,Believe them and continue service,Continue monitoring closely and consider slowing service,Immediately refuse service,Ask to see a receipt from another bar,2,Signs of Intoxication,Conflicting Information,Observable signs take priority over a guest's claims about how much they have consumed. Slurred speech is a sign of impairment regardless of what the guest reports.,0,2
123,SSA-3.21,How does drinking rate affect BAC?,Faster drinking means lower BAC,Faster drinking means higher BAC because the liver cannot keep pace,Drinking rate has no effect,Only matters for spirits not beer,2,BAC & Physiology,Drinking Rate,When alcohol is consumed faster than the liver can process it BAC rises more quickly. The liver's processing rate is fixed at approximately one standard drink per hour.,0,2
124,SSA-4.21,A manager tells you to serve a guest you believe is intoxicated. What should you do?,Follow the manager's instruction,Express your concern and ask the manager to assess the guest themselves,Serve the guest to avoid conflict,Quit your job,2,Intervention & Refusal,Manager Conflicts,You are personally responsible for your service decisions. Express your professional concern clearly and ask the manager to personally evaluate the guest before proceeding.,0,3
125,SSA-5.21,What is the significance of having written responsible service policies in an establishment?,They are required by law in all states,They demonstrate a commitment to responsible service and provide operational guidelines,They only matter during an inspection,They protect management but not servers,2,Legal Liability,Written Policies,Written policies demonstrate a systematic commitment to responsible service. They provide clear guidance to staff and serve as evidence of responsible practices in legal proceedings.,0,2
126,SSA-6.21,How does the physical layout of an establishment affect responsible service?,It has no effect,Good visibility of all guests allows staff to monitor consumption and behavior more effectively,Only matters for security,It only affects fire safety,2,Responsible Service,Establishment Design,An establishment designed so that servers have clear sightlines to all guests makes it much easier to monitor consumption and identify guests who may need intervention.,0,3
127,SSA-1.22,A guest presents an out-of-state driver's license. Is this acceptable?,No — only your state's ID is acceptable,Yes — all state driver's licenses are valid government-issued ID,Only if accompanied by a second ID,Only for guests over 25,2,ID Verification,Out of State ID,All state driver's licenses are valid government-issued identification. An out-of-state ID should be accepted as long as it appears genuine and is not expired.,0,1
128,SSA-2.22,A guest is becoming increasingly flirtatious and making comments they would likely not make when sober. This is a sign of,Attraction,Intoxication affecting inhibitions,Good mood,Nervousness,2,Signs of Intoxication,Behavioral Signs,Loss of inhibitions including inappropriate flirtatious behavior is a sign that alcohol is affecting the guest's judgment and self-regulation.,0,2
129,SSA-3.22,Can exercise like jumping jacks speed up alcohol metabolism?,Yes — exercise speeds up the liver,No — the liver processes alcohol at a fixed rate regardless of activity,Yes — but only aerobic exercise,Only in people under 30,2,BAC & Physiology,Myths,Exercise does not accelerate alcohol metabolism. The liver processes alcohol at approximately one standard drink per hour regardless of physical activity.,0,2
130,SSA-4.22,What is the most effective thing you can say to slow a guest's consumption without confrontation?,Nothing — just serve them slower,I will get your next drink started in a few minutes or Can I bring you some water or a snack first?,You have had enough,I think you should slow down,2,Intervention & Refusal,De-escalation,Offering water food or pacing language is a non-confrontational way to slow consumption. It addresses the guest's needs without focusing on their intoxication.,0,2
131,SSA-5.22,Can an establishment be liable for serving alcohol to a guest who later drove and injured someone even if the guest seemed sober when served?,Yes if they served them excessively even without visible signs,Generally no if the guest showed no signs of intoxication and was not over-served,Always — any alcohol service creates liability,No — once the guest leaves liability ends,2,Legal Liability,Liability Scope,Liability generally requires visible intoxication or excessive service. If the guest showed no signs of impairment and was not over-served the establishment's liability is significantly reduced.,0,3
132,SSA-6.22,What role do non-alcoholic cocktails play in responsible service?,They are a novelty item,They provide an option for guests who want to pace themselves without feeling excluded,They are required by law,They are only for designated drivers,2,Responsible Service,Inclusive Service,Non-alcoholic cocktails allow guests to participate in the social experience without consuming alcohol. They are a valuable tool in supporting guests who want to moderate their intake.,0,2
133,SSA-1.23,What is the risk of accepting a photocopy of an ID?,Photocopies cannot be verified as authentic and may easily be altered,Photocopies are acceptable if the photo is clear,A photocopy is valid for 30 days,Only a risk for digital copies,1,ID Verification,Invalid ID Forms,Photocopies of IDs are not acceptable. They cannot be verified as authentic and are easily manipulated. Only original government-issued documents should be accepted.,0,2
134,SSA-2.23,How does emotional state affect the signs of intoxication?,It has no effect,Emotional state can mask or amplify signs of intoxication making assessment more challenging,Emotional people are always intoxicated,Calm people cannot be intoxicated,2,Signs of Intoxication,Assessment Challenges,Strong emotions can mask signs of intoxication or cause behaviors that resemble intoxication. Combined assessment of physical and behavioral signs is most reliable.,0,3
135,SSA-3.23,What is the effect of drinking over a longer period of time compared to the same amount consumed quickly?,Longer period results in higher BAC,Longer period generally results in lower peak BAC because the liver has more time to process,No difference in BAC,Only matters for wine,2,BAC & Physiology,Drinking Rate,Spreading consumption over more time allows the liver to process alcohol as it is consumed reducing the peak BAC compared to consuming the same amount rapidly.,0,2
136,SSA-4.23,A guest who was refused service has been sitting quietly for 30 minutes. What should you do?,Ignore them completely,Offer them water or a non-alcoholic beverage and check in periodically,Assume they are fine and offer alcohol again,Ask them to leave,2,Intervention & Refusal,Post-Refusal Care,Continued hospitality after a refusal keeps the guest comfortable reduces confrontation and allows you to monitor their recovery before they leave.,0,2
137,SSA-5.23,What is the difference between criminal liability and civil liability in alcohol service?,There is no difference,Criminal liability involves prosecution by the state while civil liability involves lawsuits by injured parties,Civil liability is more serious than criminal,Criminal liability only applies to the establishment owner,2,Legal Liability,Types of Liability,Criminal liability can result in fines and imprisonment. Civil liability results in financial damages paid to injured parties. Both can arise from negligent alcohol service.,0,3
138,SSA-6.23,How should an establishment communicate its responsible service policy to guests?,It should not be communicated to guests,Through menu notes signage and server communication,Only through the manager,Only if a guest asks,2,Responsible Service,Guest Communication,Visible communication of responsible service policies through signage menus and server language sets expectations and demonstrates the establishment's commitment to safety.,0,2
139,SSA-1.24,How long should you spend checking an ID?,As little time as possible to avoid offending the guest,Enough time to verify the photo birthdate expiration and security features,Only the birthdate needs to be checked,At least five minutes per guest,2,ID Verification,ID Checking Process,A thorough ID check includes verifying the photo birthdate expiration date and at least one security feature. This typically takes 10 to 20 seconds but should not be rushed.,0,2
140,SSA-2.24,A guest is becoming repetitive telling the same story multiple times. Is this a sign of intoxication?,No — some people just repeat themselves,Yes — repetitive speech and behavior can indicate intoxication,Only in combination with slurred speech,Only if they are elderly,2,Signs of Intoxication,Behavioral Signs,Repetitive speech and behavior are behavioral signs of intoxication reflecting alcohol's effect on short-term memory and cognitive function.,0,2
141,SSA-3.24,What is the effect of high-proof spirits compared to lower-proof beverages on BAC?,No difference if the same volume is consumed,Higher proof means more alcohol per volume resulting in higher BAC,Lower proof always results in lower BAC,Proof only matters for shots not mixed drinks,2,BAC & Physiology,Alcohol Content,Higher proof spirits contain more alcohol per volume. Consuming the same volume of a high-proof spirit versus a low-proof beer will result in a significantly higher BAC.,0,2
142,SSA-4.24,What is the best time to discuss your establishment's responsible service policy with a guest?,After they are intoxicated,Before or at the beginning of service,Only if they ask,When refusing service,2,Intervention & Refusal,Proactive Communication,Communicating responsible service standards early in the interaction sets clear expectations and reduces conflict when intervention becomes necessary.,0,2
143,SSA-5.24,Can an establishment face liability if a server over-serves a guest against the establishment's own policy?,Yes — the establishment is still liable for its employees' actions,No — the policy protects the establishment,Only if the manager knew,Only if the guest was injured,1,Legal Liability,Employee Actions,Establishments are generally liable for the actions of their employees even if those actions violate internal policy. The policy provides some defense but does not eliminate liability.,0,3
144,SSA-6.24,What should a server do if they are unsure whether to serve a guest?,Default to serving since it is easier,Consult a manager and err on the side of caution,Serve one more drink and monitor closely,Ask the guest if they feel okay,2,Responsible Service,Decision Making,When in doubt err on the side of caution. Consulting a manager is always appropriate. The cost of over-caution is far lower than the cost of over-service.,0,2
145,SSA-1.25,A guest argues that they should not need to show ID since they are obviously over 21. What should you do?,Agree — they clearly look over 21,Explain that carding everyone is your policy and request their ID,Card them only if they look under 25,Skip the ID check this time,2,ID Verification,Carding Policy,Carding everyone regardless of apparent age is your best policy. It removes subjectivity protects you legally and ensures consistent application of the law.,0,2
146,SSA-2.25,Why is it important to note the time when a guest first shows signs of intoxication?,For billing purposes,To assess how quickly their condition is progressing and inform service decisions,To report to management at end of shift,There is no reason to note the time,2,Signs of Intoxication,Documentation,Knowing when signs first appeared helps assess the trajectory of intoxication and can be important documentation if an incident occurs.,0,3
147,SSA-3.25,What is the approximate BAC at which most people experience significant impairment of judgment and coordination?,0.02%,0.05%,0.08%,0.15%,3,BAC & Physiology,Impairment Levels,At 0.08% most people experience significant impairment of judgment reaction time and coordination. This is why 0.08% is the legal driving limit in most U.S. states.,0,2
148,SSA-4.25,After refusing service to a guest what is the minimum you must ensure before they leave?,That they paid their tab,That they have a safe way home and are not driving,That they signed a waiver,That they ate food,2,Intervention & Refusal,Safe Departure,Your duty of care includes ensuring the guest has safe transportation. Allowing an intoxicated guest to drive after refusing service does not fulfill your responsible service obligations.,0,3
149,SSA-5.25,What is the strongest protection against liability in alcohol service?,Insurance coverage,Consistent responsible service practices documented training and incident records,Having a lawyer on retainer,Limiting alcohol sales,2,Legal Liability,Best Practices,The combination of consistent responsible service documented training programs and thorough incident records represents the strongest multi-layered protection against liability claims.,0,3
150,SSA-6.25,What distinguishes well-trained servers from those with only minimum required training?,Knowledge of drink recipes,A deeper understanding of responsible service principles the ability to recognize signs earlier and confidence in intervention,The ability to make more cocktails,Faster service times,2,Responsible Service,Training Value,Comprehensive training develops judgment and confidence not just compliance. Servers who understand why responsible service matters are more effective at applying it consistently.,0,2
151,SSA-ADV-1,What is the ABC in most states?,Alcohol Beverage Control,Alcohol Beverage Commission,Alcohol Board of Compliance,Alcohol Bureau of Control,1,Legal Liability,Regulatory Bodies,ABC stands for Alcohol Beverage Control. It is the state or municipal agency responsible for enforcing alcohol regulations and issuing liquor licenses.,1,3
152,SSA-ADV-2,A guest switches from beer to doubles of spirits midway through the evening. What does this suggest?,They prefer spirits to beer,They may be trying to increase intoxication rate — a sign of problem drinking,Nothing unusual,They are celebrating,2,Signs of Intoxication,Behavioral Patterns,Switching to stronger drinks or ordering doubles mid-evening is a behavioral indicator of intentional intoxication. This warrants closer monitoring and possible intervention.,1,3
153,SSA-ADV-3,Approximate BAC of a 160-pound man who drinks five 12-ounce beers in one hour?,0.05%,0.08%,0.10%,0.15%,3,BAC & Physiology,BAC Calculation,A 160-pound man who drinks five standard drinks in one hour will have an approximate BAC of 0.10% — well above the legal driving limit of 0.08%.,1,3
154,SSA-ADV-4,Approximate BAC of a 100-pound woman who drinks three 5-ounce glasses of wine in one hour?,0.08%,0.10%,0.13%,0.18%,3,BAC & Physiology,BAC Calculation,A 100-pound woman consuming three standard drinks in one hour will have an approximate BAC of 0.13% — significantly above the legal limit.,1,3
155,SSA-ADV-5,How do you convert proof to percentage of alcohol?,Multiply proof by 2,Divide proof by 2,Proof equals percentage,Subtract 10 from proof,2,BAC & Physiology,Alcohol Content,To convert proof to alcohol percentage divide by 2. 80-proof vodka is 40% alcohol. 100-proof whiskey is 50% alcohol.,1,3
156,SSA-ADV-6,What does body fat mean for alcohol absorption?,Body fat absorbs alcohol reducing BAC,Body fat does not absorb alcohol so it stays in the bloodstream,Higher body fat means faster metabolism,Body fat has no effect on BAC,2,BAC & Physiology,BAC Factors,Unlike muscle body fat does not absorb alcohol. A person with higher body fat will have a higher BAC than a lean person of the same weight drinking the same amount.,1,3
157,SSA-ADV-7,What is R.E.F.U.S.E. used for in alcohol service?,A method for calculating BAC,A technique for diplomatically refusing service to an intoxicated guest,A legal term for dram shop liability,A checklist for checking IDs,2,Intervention & Refusal,Refusal Techniques,R.E.F.U.S.E. is a structured approach to refusing service: Remain calm Express concern Find alternatives Use supportive language Stay firm End the conversation professionally.,1,3
158,SSA-ADV-8,Is it illegal to serve alcohol to a pregnant woman?,Yes — always illegal,No — no federal law prohibits it though establishments may have policies,Only in states with dram shop laws,Only if she is visibly showing,2,Legal Liability,Special Circumstances,There is no federal law prohibiting alcohol service to pregnant women. Establishments may have their own policies. Servers should use professional judgment and follow house policy.,1,3
159,SSA-ADV-9,What are the three things most states hold a server criminally liable for?,Serving a minor serving an intoxicated guest and possessing or allowing drug sales,Serving a minor over-charging a guest and closing early,Serving doubles serving a minor and refusing service,Serving after hours over-pouring and serving a pregnant woman,1,Legal Liability,Criminal Liability,Most states hold servers criminally liable for serving alcohol to a minor serving a guest who is or appears intoxicated and possessing selling or allowing the sale of drugs on the premises.,1,3
160,SSA-ADV-10,What is the difference between criminal and civil law in alcohol service?,No difference,Criminal law involves state prosecution while civil law involves lawsuits from injured parties seeking financial damages,Civil law is more serious,Criminal law only applies to establishments,2,Legal Liability,Types of Liability,Criminal law involves the state prosecuting for violations of alcohol laws. Civil law involves private parties suing for damages caused by negligent alcohol service.,1,3
161,SSA-ADV-11,What are liquor authorities like ABC responsible for?,Setting prices issuing licenses prosecuting servers and setting hours,Enforcing alcohol laws issuing licenses conducting inspections and taking disciplinary action,Training servers setting menus and closing bars,Only issuing fines,2,Legal Liability,Regulatory Bodies,Liquor authorities enforce alcohol laws issue and revoke licenses conduct inspections and take disciplinary actions including fines suspensions and license revocations.,1,3
162,SSA-ADV-12,Will a lean person have a higher BAC than a person with more body fat drinking the same amount?,Yes — a lean person will have a higher BAC,No — body fat increases BAC,They will be equal,Only applies to women,1,BAC & Physiology,BAC Factors,True. Body fat does not absorb alcohol. A lean person has more muscle mass which contains more water helping distribute alcohol. A person with more body fat has less body water making alcohol more concentrated and raising BAC.,1,3
163,SSA-ADV-13,What are caps in dram shop law?,Limits on alcohol serving sizes,Limits on the financial damages that can be awarded to injured parties,Restrictions on serving hours,Maximum drinks per guest,2,Legal Liability,Dram Shop Law,Caps in dram shop law refer to statutory limits on financial damages awarded to injured third parties in lawsuits against alcohol-serving establishments. These caps vary by state.,1,3
164,SSA-ADV-14,What should a backup person NOT do when stopping alcohol service?,Stand nearby for support,Remain calm,Stand as close to the guest as possible,Let the primary server lead,3,Intervention & Refusal,Team Intervention,The backup person should not crowd or physically intimidate the guest. Standing too close can escalate the situation. The backup role is to provide support not to confront.,1,3
165,SSA-ADV-15,Why is the phrase you have had enough ineffective when refusing service?,It is too formal,It is accusatory embarrassing and tends to escalate conflict rather than defuse it,It is too casual,It is legally insufficient,2,Intervention & Refusal,Communication,Accusatory language embarrasses the guest invites argument and escalates the situation. Professional refusal focuses on what the server can do not on judging the guest.,1,3
166,SSA-ADV-16,Are carbohydrates the best food to slow alcohol absorption?,Yes — carbohydrates are best,No — protein and fat are more effective at slowing absorption,Carbohydrates absorb alcohol directly,All foods are equally effective,2,BAC & Physiology,Food and Alcohol,Contrary to common belief carbohydrates are not the best food for slowing alcohol absorption. High-protein and high-fat foods are more effective at slowing gastric emptying.,1,3
167,SSA-ADV-17,What does it mean that dram shop laws allow third parties to sue?,Only the drunk driver can sue,A person not at the establishment can sue if injured by an intoxicated guest served there,Only guests at the establishment can file claims,Third parties can only sue in criminal court,2,Legal Liability,Third Party Claims,Dram shop laws allow third parties — people not at the establishment but harmed by an intoxicated guest — to sue both the guest and the establishment that served them.,1,3
168,SSA-ADV-18,What is the significance of a guest switching to larger or stronger drinks?,They prefer stronger flavors,It may indicate intent to become intoxicated more rapidly,Nothing unusual,They are a regular customer,2,Signs of Intoxication,Behavioral Indicators,Ordering larger or stronger drinks signals that the guest may be chasing intoxication. This warrants closer monitoring and proactive intervention.,1,3
169,SSA-ADV-19,What factors help estimate a guest BAC without a breathalyzer?,Ask them how they feel,Body weight number of drinks time elapsed and gender,Count how many times they blink,BAC cannot be estimated without equipment,2,BAC & Physiology,BAC Estimation,Servers can estimate BAC using body weight number of drinks type of drinks time elapsed and gender. This mental math helps inform service decisions even without testing equipment.,1,3
170,SSA-ADV-20,What is an incident report and why is it important?,A report filed with ServSafe after certification,A written record of significant events that protects the establishment in legal proceedings,A daily sales report,A health department requirement,2,Legal Liability,Documentation,An incident report documents significant events such as refusals altercations or emergencies. These records are critical evidence of responsible service practices in legal proceedings.,1,3
171,SSA-ADV-21,What is the liquor liability if a minor uses a convincing fake ID?,No liability at all in any state,Liability varies by state — some offer protection others do not,Full liability always,Only civil liability,2,Legal Liability,Minor Service Defense,The fake ID defense varies by state. Some states provide protection if the ID appeared genuine and was checked carefully. Others impose strict liability. Knowing your state law is essential.,1,3
172,SSA-ADV-22,What happens to alcohol absorption when a guest drinks carbonated beverages?,Absorption slows significantly,Absorption rate is unaffected,Absorption speeds up because carbonation increases passage from stomach to small intestine,Carbonation neutralizes alcohol,3,BAC & Physiology,Absorption Factors,Carbonated beverages speed alcohol absorption by increasing gastric pressure and accelerating passage of alcohol into the small intestine where most absorption occurs.,1,3
173,SSA-ADV-23,In a team intervention what is the primary versus backup role?,They have the same role,Primary server leads communication while backup provides presence without crowding the guest,Backup person does all the talking,Manager handles everything,2,Intervention & Refusal,Team Intervention,In a team intervention the primary server delivers the refusal professionally. The backup is present for support and safety but should not crowd the guest or take over the conversation.,1,3
174,SSA-ADV-24,What distinguishes Advanced certified employees from Primary certified?,Advanced certified employees can serve more alcohol,Advanced certification demonstrates mastery of broader management-level responsible service competencies,Advanced certification only applies to bartenders,There is no practical difference,2,Responsible Service,Certification Levels,The Advanced certification demonstrates mastery of responsible service at a management level including advanced intervention documentation and legal knowledge beyond the Primary exam.,1,3
175,SSA-ADV-25,What standard do courts use to determine if a server should have recognized intoxication?,Whether the guest admitted to being drunk,The reasonable server standard — whether a trained server would have recognized the signs,Whether the guest failed a breathalyzer,Whether the guest ordered more than five drinks,2,Legal Liability,Legal Standards,Courts apply the reasonable server standard — would a reasonable trained server have recognized that this guest was visibly intoxicated. This is why training and consistent monitoring are critical.,1,3
